N,P,K,Temperature,Humidity,PH,Breed
122,29,58,29.82,57.49,6.00,AT 356
134,29,58,26.93,54.05,5.99,AT 356
135,40,56,25.78,65.79,5.97,AT 356
122,38,54,29.64,60.17,6.14,AT 356
138,28,55,28.17,67.63,5.54,AT 356
138,29,60,25.91,61.34,6.15,AT 356
130,26,52,28.40,75.87,5.70,AT 356
159,27,97,28.76,65.60,6.20,AT 356
168,28,87,26.17,69.28,5.59,AT 356
187,27,93,29.62,79.20,5.78,AT 356
179,26,70,28.35,70.90,5.54,AT 356
155,27,72,27.20,68.42,6.04,AT 356
195,28,81,27.30,61.68,5.61,AT 356
195,27,79,28.81,72.53,5.69,AT 356
163,28,94,25.29,65.45,6.36,AT 356
175,29,72,29.59,75.76,5.78,AT 356
198,26,89,25.74,69.31,5.68,AT 356
174,27,96,28.40,79.04,6.01,AT 356
167,25,87,26.66,51.90,6.22,AT 356
153,29,90,30.00,55.06,6.36,AT 356
168,30,81,25.64,54.05,5.74,AT 356
160,29,78,28.75,77.93,5.95,AT 356
183,27,84,25.67,70.39,5.56,AT 356
175,26,72,25.64,74.84,5.63,AT 356
152,28,51,27.02,64.86,6.43,AT 356
192,27,97,27.62,64.78,6.25,AT 356
178,30,82,27.56,75.19,6.35,AT 356
121,34,91,26.71,60.17,5.51,AT 356
123,36,79,26.48,74.33,6.22,AT 356
127,31,96,28.54,68.89,6.22,AT 356
136,32,62,26.93,66.63,6.00,AT 356
132,39,74,28.22,79.20,6.14,AT 356
121,39,70,25.14,61.68,5.77,AT 356
128,37,64,28.75,66.54,5.97,AT 356
135,33,77,28.54,79.28,5.50,AT 356
123,35,69,27.11,60.84,6.05,AT 356
129,34,74,29.71,64.36,6.20,AT 356
134,38,74,26.15,71.08,6.36,AT 356
138,33,60,25.78,70.99,6.36,AT 356
138,35,62,29.91,68.89,6.16,AT 356
125,35,77,27.69,63.77,5.56,AT 356
132,34,65,27.71,63.54,5.67,AT 356
130,39,64,26.24,65.60,5.85,AT 356
155,39,70,29.41,65.28,6.48,AT 356
173,34,79,27.43,73.82,6.22,AT 356
200,36,70,27.34,65.45,5.82,AT 356
124,37,76,28.35,75.59,6.24,AT 356
121,31,80,27.20,78.10,6.14,AT 356
122,39,75,26.89,77.69,5.99,AT 356
140,32,82,28.81,79.95,5.97,AT 356
139,33,79,29.53,74.17,6.38,AT 356
127,27,62,26.57,79.47,5.54,AT 356
123,40,70,27.02,78.61,6.00,AT 356
127,30,72,28.08,71.16,6.38,AT 356
126,38,79,29.44,70.14,6.41,AT 356
134,39,72,26.61,61.76,5.50,AT 356
131,32,71,25.79,67.46,5.70,AT 356
139,30,78,25.74,76.01,5.56,AT 356
121,33,77,28.40,79.36,6.26,AT 356
128,36,66,25.64,72.19,6.08,AT 356
132,37,76,27.33,77.10,5.59,AT 356
124,31,67,28.75,72.07,6.27,AT 356
128,34,80,28.66,53.01,6.05,AT 356
128,39,69,28.54,55.06,6.36,AT 356
124,37,77,27.02,55.24,6.42,AT 356
125,39,78,29.44,56.23,6.32,AT 356
131,38,70,26.89,63.61,6.24,AT 356
129,32,68,26.21,63.77,5.95,AT 356
140,33,88,26.93,75.87,5.56,AT 356
189,23,98,29.87,69.28,6.14,AT 356
136,34,74,28.90,68.72,5.73,AT 356
131,40,78,29.41,64.78,6.20,AT 356
121,37,71,29.13,73.99,5.59,AT 356
138,37,66,28.40,64.86,6.24,AT 356
129,36,80,25.39,64.78,6.14,AT 356
138,38,71,29.59,75.19,5.99,AT 356
132,39,76,25.67,72.96,5.56,AT 356
129,39,70,27.56,74.33,6.38,AT 356
127,34,79,28.54,74.42,6.15,AT 356
126,40,75,26.44,68.89,6.05,AT 356
156,30,70,28.18,61.34,6.17,AT 356
140,30,75,28.81,72.83,5.98,AT 356
125,36,81,28.54,69.28,6.04,AT 356
127,30,94,28.08,68.42,6.20,AT 356
122,36,55,26.15,72.53,6.01,AT 356
143,37,52,28.57,54.89,5.52,AT 356
134,39,59,25.40,51.39,6.10,AT 356
155,35,55,26.24,70.39,6.42,AT 356
152,27,99,28.17,79.62,6.46,AT 356
127,34,74,26.70,64.78,6.22,AT 356
124,27,72,26.84,74.42,6.15,AT 356
134,30,81,26.89,61.34,6.17,AT 356
122,26,79,29.87,65.28,6.14,AT 356
122,38,68,29.87,55.24,6.36,AT 356
123,36,57,28.95,64.78,6.05,AT 356
124,34,74,27.51,72.96,5.98,AT 356
139,36,72,29.55,76.93,6.04,AT 356
121,39,61,25.19,71.15,5.68,AT 356
126,37,64,26.17,78.19,6.01,AT 356
124,32,66,26.84,75.87,6.22,AT 356
122,39,65,28.54,60.55,6.14,AT 356
123,34,74,29.82,64.23,5.74,AT 356
128,26,51,26.61,51.05,6.22,AT 356
133,28,51,25.46,79.87,6.19,AT 356
124,28,56,29.82,77.93,6.46,AT 356
129,34,70,28.21,75.19,6.41,AT 356
138,39,62,26.21,73.99,5.72,AT 356
129,36,78,29.91,63.61,5.87,AT 356
122,31,77,28.57,74.42,5.83,AT 356
134,32,75,25.91,71.74,5.68,AT 356
127,30,78,28.40,69.28,5.54,AT 356
124,26,76,29.13,77.44,5.95,AT 356
135,29,64,28.76,70.90,6.14,AT 356
129,34,70,26.84,73.82,6.45,AT 356
127,36,61,28.36,51.85,6.15,AT 356
134,39,61,28.18,64.86,6.20,AT 356
121,34,69,28.93,60.84,6.27,AT 356
127,39,78,25.32,77.67,5.54,AT 356
127,36,71,26.48,74.42,6.36,AT 356
134,34,76,25.78,63.03,5.74,AT 356
131,39,78,26.93,78.19,5.56,AT 356
127,31,67,26.21,72.83,6.25,AT 356
136,32,64,26.15,65.60,6.35,AT 356
139,30,80,28.72,69.28,5.85,AT 356
132,39,76,25.78,68.72,6.32,AT 356
125,37,70,27.71,62.68,6.19,AT 356
131,37,75,26.24,75.76,6.25,AT 356
136,39,68,26.70,50.23,6.23,AT 356
124,26,52,26.84,60.17,6.47,AT 356
131,25,54,27.20,64.36,6.22,AT 356
138,25,66,29.91,63.03,5.59,AT 356
135,26,80,26.09,63.77,6.14,AT 356
129,30,67,27.11,63.54,5.97,AT 356
135,26,62,27.20,72.53,6.00,AT 356
122,27,69,26.97,71.15,6.27,AT 356
138,38,67,28.76,64.78,5.57,AT 356
148,37,69,26.84,60.84,6.01,AT 356
134,40,75,28.35,74.92,5.74,AT 356
135,29,52,25.28,63.54,6.48,AT 356
136,27,51,27.33,68.72,5.82,AT 356
141,27,50,28.75,70.90,6.23,AT 356
130,29,61,26.89,71.16,6.14,AT 356
121,38,71,29.20,78.61,5.54,AT 356
126,32,61,27.02,78.87,5.65,AT 356
123,35,69,25.46,57.49,5.79,AT 356
135,37,76,28.36,79.87,6.17,AT 356
127,31,74,27.94,70.39,6.00,AT 356
126,32,64,25.46,74.84,5.56,AT 356
124,34,77,29.98,75.19,6.08,AT 356
138,35,73,28.18,60.84,6.27,AT 356
126,36,60,27.30,68.89,6.22,AT 356
137,39,79,25.75,63.54,6.43,AT 356
129,30,64,25.67,68.42,6.15,AT 356
123,32,84,27.94,62.68,6.19,AT 356
134,25,51,26.61,77.67,6.14,AT 356
130,27,51,29.32,64.36,5.77,AT 356
126,30,72,26.30,79.20,6.27,AT 356
139,37,71,29.59,79.04,5.68,AT 356
132,34,75,27.69,54.05,6.22,AT 356
124,37,69,29.71,74.84,5.95,AT 356
139,39,70,25.78,77.67,5.85,AT 356
135,33,62,28.95,70.74,5.52,AT 356
133,28,66,26.97,70.56,6.36,AT 356
133,40,70,27.65,71.74,5.72,AT 356
137,39,61,29.13,66.63,5.56,AT 356
125,38,69,25.58,69.28,6.14,AT 356
139,32,67,27.34,68.72,5.73,AT 356
138,36,76,29.17,61.68,5.97,AT 356
140,30,63,29.71,55.58,6.20,AT 356
132,34,64,25.23,77.93,5.59,AT 356
122,29,58,29.82,57.49,6.00,AT 356
134,29,58,26.93,54.05,5.99,AT 356
135,40,56,25.78,65.79,5.97,AT 356
122,38,54,29.64,60.17,6.14,AT 356
138,28,55,28.17,67.63,5.54,AT 356
138,29,60,25.91,61.34,6.15,AT 356
130,26,52,28.40,75.87,5.70,AT 356
159,27,97,28.76,65.60,6.20,AT 356
168,28,87,26.17,69.28,5.59,AT 356
187,27,93,29.62,79.20,5.78,AT 356
179,26,70,28.35,70.90,5.54,AT 356
155,27,72,27.20,68.42,6.04,AT 356
195,28,81,27.30,61.68,5.61,AT 356
195,27,79,28.81,72.53,5.69,AT 356
163,28,94,25.29,65.45,6.36,AT 356
175,29,72,29.59,75.76,5.78,AT 356
198,26,89,25.74,69.31,5.68,AT 356
174,27,96,28.40,79.04,6.01,AT 356
167,25,87,26.66,51.90,6.22,AT 356
153,29,90,30.00,55.06,6.36,AT 356
168,30,81,25.64,54.05,5.74,AT 356
160,29,78,28.75,77.93,5.95,AT 356
183,27,84,25.67,70.39,5.56,AT 356
175,26,72,25.64,74.84,5.63,AT 356
152,28,51,27.02,64.86,6.43,AT 356
192,27,97,27.62,64.78,6.25,AT 356
178,30,82,27.56,75.19,6.35,AT 356
121,34,91,26.71,60.17,5.51,AT 356
123,36,79,26.48,74.33,6.22,AT 356
127,31,96,28.54,68.89,6.22,AT 356
136,32,62,26.93,66.63,6.00,AT 356
132,39,74,28.22,79.20,6.14,AT 356
121,39,70,25.14,61.68,5.77,AT 356
128,37,64,28.75,66.54,5.97,AT 356
135,33,77,28.54,79.28,5.50,AT 356
123,35,69,27.11,60.84,6.05,AT 356
129,34,74,29.71,64.36,6.20,AT 356
134,38,74,26.15,71.08,6.36,AT 356
138,33,60,25.78,70.99,6.36,AT 356
138,35,62,29.91,68.89,6.16,AT 356
125,35,77,27.69,63.77,5.56,AT 356
132,34,65,27.71,63.54,5.67,AT 356
130,39,64,26.24,65.60,5.85,AT 356
155,39,70,29.41,65.28,6.48,AT 356
173,34,79,27.43,73.82,6.22,AT 356
200,36,70,27.34,65.45,5.82,AT 356
124,37,76,28.35,75.59,6.24,AT 356
121,31,80,27.20,78.10,6.14,AT 356
122,39,75,26.89,77.69,5.99,AT 356
140,32,82,28.81,79.95,5.97,AT 356
139,33,79,29.53,74.17,6.38,AT 356
127,27,62,26.57,79.47,5.54,AT 356
123,40,70,27.02,78.61,6.00,AT 356
127,30,72,28.08,71.16,6.38,AT 356
126,38,79,29.44,70.14,6.41,AT 356
134,39,72,26.61,61.76,5.50,AT 356
131,32,71,25.79,67.46,5.70,AT 356
139,30,78,25.74,76.01,5.56,AT 356
121,33,77,28.40,79.36,6.26,AT 356
128,36,66,25.64,72.19,6.08,AT 356
132,37,76,27.33,77.10,5.59,AT 356
124,31,67,28.75,72.07,6.27,AT 356
128,34,80,28.66,53.01,6.05,AT 356
128,39,69,28.54,55.06,6.36,AT 356
124,37,77,27.02,55.24,6.42,AT 356
125,39,78,29.44,56.23,6.32,AT 356
131,38,70,26.89,63.61,6.24,AT 356
129,32,68,26.21,63.77,5.95,AT 356
140,33,88,26.93,75.87,5.56,AT 356
189,23,98,29.87,69.28,6.14,AT 356
136,34,74,28.90,68.72,5.73,AT 356
131,40,78,29.41,64.78,6.20,AT 356
121,37,71,29.13,73.99,5.59,AT 356
138,37,66,28.40,64.86,6.24,AT 356
129,36,80,25.39,64.78,6.14,AT 356
138,38,71,29.59,75.19,5.99,AT 356
132,39,76,25.67,72.96,5.56,AT 356
129,39,70,27.56,74.33,6.38,AT 356
127,34,79,28.54,74.42,6.15,AT 356
126,40,75,26.44,68.89,6.05,AT 356
156,30,70,28.18,61.34,6.17,AT 356
140,30,75,28.81,72.83,5.98,AT 356
125,36,81,28.54,69.28,6.04,AT 356
127,30,94,28.08,68.42,6.20,AT 356
122,36,55,26.15,72.53,6.01,AT 356
143,37,52,28.57,54.89,5.52,AT 356
134,39,59,25.40,51.39,6.10,AT 356
155,35,55,26.24,70.39,6.42,AT 356
152,27,99,28.17,79.62,6.46,AT 356
127,34,74,26.70,64.78,6.22,AT 356
124,27,72,26.84,74.42,6.15,AT 356
134,30,81,26.89,61.34,6.17,AT 356
122,26,79,29.87,65.28,6.14,AT 356
122,38,68,29.87,55.24,6.36,AT 356
123,36,57,28.95,64.78,6.05,AT 356
124,34,74,27.51,72.96,5.98,AT 356
139,36,72,29.55,76.93,6.04,AT 356
121,39,61,25.19,71.15,5.68,AT 356
126,37,64,26.17,78.19,6.01,AT 356
124,32,66,26.84,75.87,6.22,AT 356
122,39,65,28.54,60.55,6.14,AT 356
123,34,74,29.82,64.23,5.74,AT 356
128,26,51,26.61,51.05,6.22,AT 356
133,28,51,25.46,79.87,6.19,AT 356
124,28,56,29.82,77.93,6.46,AT 356
129,34,70,28.21,75.19,6.41,AT 356
138,39,62,26.21,73.99,5.72,AT 356
129,36,78,29.91,63.61,5.87,AT 356
122,31,77,28.57,74.42,5.83,AT 356
134,32,75,25.91,71.74,5.68,AT 356
127,30,78,28.40,69.28,5.54,AT 356
124,26,76,29.13,77.44,5.95,AT 356
135,29,64,28.76,70.90,6.14,AT 356
129,34,70,26.84,73.82,6.45,AT 356
127,36,61,28.36,51.85,6.15,AT 356
134,39,61,28.18,64.86,6.20,AT 356
121,34,69,28.93,60.84,6.27,AT 356
127,39,78,25.32,77.67,5.54,AT 356
127,36,71,26.48,74.42,6.36,AT 356
134,34,76,25.78,63.03,5.74,AT 356
131,39,78,26.93,78.19,5.56,AT 356
127,31,67,26.21,72.83,6.25,AT 356
136,32,64,26.15,65.60,6.35,AT 356
139,30,80,28.72,69.28,5.85,AT 356
132,39,76,25.78,68.72,6.32,AT 356
125,37,70,27.71,62.68,6.19,AT 356
131,37,75,26.24,75.76,6.25,AT 356
136,39,68,26.70,50.23,6.23,AT 356
124,26,52,26.84,60.17,6.47,AT 356
131,25,54,27.20,64.36,6.22,AT 356
138,25,66,29.91,63.03,5.59,AT 356
135,26,80,26.09,63.77,6.14,AT 356
129,30,67,27.11,63.54,5.97,AT 356
135,26,62,27.20,72.53,6.00,AT 356
122,27,69,26.97,71.15,6.27,AT 356
138,38,67,28.76,64.78,5.57,AT 356
148,37,69,26.84,60.84,6.01,AT 356
134,40,75,28.35,74.92,5.74,AT 356
135,29,52,25.28,63.54,6.48,AT 356
136,27,51,27.33,68.72,5.82,AT 356
141,27,50,28.75,70.90,6.23,AT 356
130,29,61,26.89,71.16,6.14,AT 356
121,38,71,29.20,78.61,5.54,AT 356
126,32,61,27.02,78.87,5.65,AT 356
123,35,69,25.46,57.49,5.79,AT 356
135,37,76,28.36,79.87,6.17,AT 356
127,31,74,27.94,70.39,6.00,AT 356
126,32,64,25.46,74.84,5.56,AT 356
124,34,77,29.98,75.19,6.08,AT 356
138,35,73,28.18,60.84,6.27,AT 356
126,36,60,27.30,68.89,6.22,AT 356
137,39,79,25.75,63.54,6.43,AT 356
129,30,64,25.67,68.42,6.15,AT 356
123,32,84,27.94,62.68,6.19,AT 356
134,25,51,26.61,77.67,6.14,AT 356
130,27,51,29.32,64.36,5.77,AT 356
126,30,72,26.30,79.20,6.27,AT 356
139,37,71,29.59,79.04,5.68,AT 356
132,34,75,27.69,54.05,6.22,AT 356
124,37,69,29.71,74.84,5.95,AT 356
139,39,70,25.78,77.67,5.85,AT 356
135,33,62,28.95,70.74,5.52,AT 356
133,28,66,26.97,70.56,6.36,AT 356
133,40,70,27.65,71.74,5.72,AT 356
137,39,61,29.13,66.63,5.56,AT 356
125,38,69,25.58,69.28,6.14,AT 356
139,32,67,27.34,68.72,5.73,AT 356
138,36,76,29.17,61.68,5.97,AT 356
140,30,63,29.71,55.58,6.20,AT 356
132,34,64,25.23,77.93,5.59,AT 356
118,37,59,25.29,74.42,6.70,BG 250
122,40,68,30.07,83.47,5.64,BG 250
133,37,60,28.90,75.19,6.88,BG 250
139,30,60,28.95,69.14,5.77,BG 250
125,26,60,29.55,63.03,6.41,BG 250
148,25,52,25.58,72.83,6.26,BG 250
144,29,91,29.17,68.72,6.27,BG 250
124,34,81,28.08,71.15,6.19,BG 250
125,33,78,25.69,78.19,5.72,BG 250
131,39,84,29.44,75.87,6.24,BG 250
139,36,80,28.26,63.54,6.07,BG 250
121,32,75,25.46,72.83,5.88,BG 250
127,31,63,30.78,65.60,5.81,BG 250
128,35,68,30.16,60.80,5.78,BG 250
124,32,62,28.12,73.82,6.23,BG 250
126,36,70,26.35,60.55,6.38,BG 250
123,38,72,27.98,64.23,6.36,BG 250
134,39,62,28.45,72.53,6.22,BG 250
120,40,79,30.14,62.68,5.56,BG 250
125,37,72,25.67,65.45,6.36,BG 250
122,37,80,25.64,75.76,5.54,BG 250
131,37,78,30.62,69.31,5.65,BG 250
139,31,72,28.66,79.04,6.00,BG 250
137,39,61,27.62,72.66,6.15,BG 250
136,39,78,27.56,74.59,6.41,BG 250
135,32,64,25.76,51.77,6.05,BG 250
138,33,66,27.15,53.01,6.17,BG 250
122,39,76,28.36,57.49,5.70,BG 250
129,38,67,27.94,79.87,5.56,BG 250
125,39,70,25.46,77.93,6.26,BG 250
129,38,66,29.80,70.39,6.20,BG 250
122,38,80,31.59,74.84,5.66,BG 250
125,30,69,31.70,75.19,6.27,BG 250
128,36,60,28.17,60.80,6.32,BG 250
123,39,68,29.13,60.55,6.19,BG 250
132,30,66,25.64,51.77,5.54,BG 250
124,33,75,27.56,51.90,6.27,BG 250
123,36,67,27.94,50.46,5.94,BG 250
134,32,69,26.71,58.33,5.69,BG 250
120,31,69,26.44,52.54,5.57,BG 250
125,32,78,28.18,55.58,6.36,BG 250
122,35,76,27.38,52.00,5.78,BG 250
131,32,65,29.46,57.04,5.68,BG 250
137,39,70,29.45,50.23,6.36,BG 250
136,34,63,29.91,51.85,5.74,BG 250
135,30,74,26.30,50.51,6.16,BG 250
138,32,71,29.53,59.09,5.56,BG 250
122,37,73,26.12,53.80,5.63,BG 250
123,36,60,25.49,51.93,6.11,BG 250
122,37,76,29.20,53.55,5.67,BG 250
122,37,61,28.08,54.64,5.85,BG 250
132,35,67,30.88,79.87,5.52,BG 250
131,33,65,25.46,70.39,6.10,BG 250
138,32,76,29.98,64.78,6.42,BG 250
125,30,61,26.44,75.19,6.19,BG 250
124,34,63,27.38,60.84,6.22,BG 250
126,30,70,30.51,60.17,5.82,BG 250
130,39,79,29.46,77.67,6.36,BG 250
138,37,69,30.44,74.92,6.23,BG 250
129,32,68,28.93,69.14,6.41,BG 250
138,37,66,26.06,64.36,6.19,BG 250
135,36,75,25.32,72.96,5.72,BG 250
125,39,70,31.90,70.74,6.62,BG 250
129,40,64,29.45,74.42,5.68,BG 250
134,30,68,29.91,67.63,6.52,BG 250
121,36,72,27.69,73.82,6.36,BG 250
123,30,72,28.17,51.39,5.50,BG 250
124,38,80,29.27,79.62,5.56,BG 250
139,37,72,28.40,65.79,6.08,BG 250
139,33,64,25.19,69.14,6.04,BG 250
132,32,76,26.84,72.96,5.95,BG 250
120,34,69,31.59,68.89,6.01,BG 250
139,38,78,31.70,70.56,6.16,BG 250
136,37,74,30.51,75.87,5.56,BG 250
129,32,74,27.25,68.72,5.51,BG 250
122,30,62,31.41,79.20,6.32,BG 250
124,34,64,29.45,70.90,6.14,BG 250
133,39,79,26.48,73.82,6.11,BG 250
124,35,72,30.87,66.54,6.10,BG 250
132,32,78,31.32,64.23,6.48,BG 250
129,32,78,26.93,75.76,6.46,BG 250
137,30,77,31.77,69.31,6.25,BG 250
125,37,69,26.66,60.84,6.45,BG 250
122,38,75,29.46,63.77,6.00,BG 250
127,39,66,25.32,70.56,5.56,BG 250
125,38,61,26.89,71.15,6.26,BG 250
141,38,64,29.45,78.19,6.20,BG 250
139,32,68,29.91,75.87,5.66,BG 250
142,32,76,26.30,71.74,6.08,BG 250
147,33,63,29.53,65.60,6.27,BG 250
127,36,62,26.12,66.63,5.78,BG 250
134,35,68,25.49,60.80,5.54,BG 250
133,37,79,29.82,77.44,5.61,BG 250
127,35,67,26.57,68.72,5.95,BG 250
144,32,62,27.02,70.90,6.36,BG 250
133,34,58,26.61,73.82,5.57,BG 250
136,36,56,29.50,58.15,5.85,BG 250
125,39,60,29.64,52.24,6.32,BG 250
122,37,50,27.69,55.24,5.74,BG 250
130,31,56,27.07,56.23,6.11,BG 250
122,39,82,27.51,64.86,6.25,BG 250
122,27,70,27.65,60.17,6.19,BG 250
139,37,84,26.48,71.15,6.26,BG 250
136,40,72,28.81,78.19,6.65,BG 250
148,27,69,26.09,73.82,5.99,BG 250
130,26,66,25.23,60.55,5.77,BG 250
134,25,75,26.93,64.23,6.45,BG 250
145,29,70,29.71,72.53,6.23,BG 250
126,32,58,27.42,77.67,6.20,BG 250
138,35,70,25.91,71.08,5.54,BG 250
132,32,78,28.40,73.13,6.20,BG 250
132,34,78,28.76,63.77,6.36,BG 250
126,36,75,29.62,63.54,5.74,BG 250
122,37,71,25.32,69.28,5.63,BG 250
137,39,69,26.30,70.90,6.35,BG 250
138,33,76,25.49,66.54,6.32,BG 250
129,27,64,26.57,72.53,6.15,BG 250
129,26,54,27.02,65.45,6.11,BG 250
128,30,66,29.71,64.78,6.23,BG 250
137,38,74,27.11,65.79,6.19,BG 250
124,32,62,28.72,74.92,6.20,BG 250
126,37,79,28.90,69.14,6.29,BG 250
138,33,80,29.50,72.96,5.83,BG 250
135,36,71,25.11,71.08,6.93,BG 250
126,30,64,25.40,70.99,6.93,BG 250
129,34,66,27.20,73.13,5.62,BG 250
132,34,75,27.42,61.34,5.95,BG 250
128,33,67,26.24,63.03,6.22,BG 250
128,36,80,27.51,71.15,5.86,BG 250
129,32,71,26.70,78.19,5.69,BG 250
127,31,61,26.97,75.87,6.84,BG 250
125,35,69,29.55,63.54,6.52,BG 250
141,37,70,27.34,68.42,5.99,BG 250
134,40,62,25.19,61.68,5.73,BG 250
122,30,64,26.17,65.28,5.77,BG 250
137,38,72,29.17,66.54,6.23,BG 250
136,38,79,28.35,64.23,6.38,BG 250
122,38,72,27.20,72.53,6.36,BG 250
141,32,80,27.02,62.68,6.22,BG 250
141,37,72,27.56,75.76,6.36,BG 250
138,35,77,27.15,50.23,6.38,BG 250
136,35,66,27.94,51.05,5.50,BG 250
138,31,76,25.46,58.49,5.79,BG 250
128,30,67,31.59,79.87,6.17,BG 250
122,34,70,26.71,77.93,5.70,BG 250
148,40,66,29.98,70.39,6.00,BG 250
130,33,71,31.70,79.62,6.26,BG 250
123,36,77,26.30,76.93,5.69,BG 250
127,40,77,26.09,63.77,6.16,BG 250
128,30,73,29.91,70.90,5.74,BG 250
126,36,69,28.57,66.54,6.14,BG 250
134,39,66,25.40,64.23,6.22,BG 250
137,39,64,27.51,59.86,6.36,BG 250
135,33,76,26.97,51.85,6.41,BG 250
133,35,80,25.91,50.51,6.19,BG 250
122,39,62,27.65,79.87,5.51,BG 250
124,32,60,25.58,64.78,6.94,BG 250
134,26,61,29.45,74.33,6.94,BG 250
124,29,66,26.30,67.63,6.31,BG 250
138,29,67,30.87,68.89,5.76,BG 250
129,28,70,25.83,61.34,6.75,BG 250
131,25,71,27.74,70.56,5.99,BG 250
125,27,61,25.23,71.15,5.73,BG 250
122,25,75,26.93,78.19,5.77,BG 250
139,27,69,29.71,75.87,6.45,BG 250
134,28,69,26.21,72.83,6.38,BG 250
132,27,69,26.15,65.60,6.36,BG 250
128,29,78,27.60,66.63,6.22,BG 250
130,27,76,29.87,60.80,5.56,BG 250
123,26,65,28.72,69.28,6.36,BG 250
128,27,74,28.90,77.44,5.54,BG 250
129,28,64,25.78,68.72,5.65,BG 250
127,26,70,29.50,79.20,6.00,BG 250
134,30,63,29.91,70.90,6.38,BG 250
125,27,74,29.64,68.42,6.15,BG 250
124,30,73,28.57,66.54,6.05,BG 250
144,28,60,27.07,60.55,6.17,BG 250
133,29,62,25.40,64.23,5.70,BG 250
141,27,62,27.71,62.68,5.56,BG 250
134,25,76,27.42,65.45,6.26,BG 250
122,29,77,26.24,75.76,6.20,BG 250
129,30,61,29.68,69.31,5.66,BG 250
137,29,65,28.17,79.04,6.08,BG 250
139,29,78,27.51,63.77,5.59,BG 250
136,29,61,26.70,70.56,5.98,BG 250
141,28,64,29.27,53.01,6.04,BG 250
138,27,68,28.40,70.39,6.36,BG 250
150,30,61,25.37,79.62,5.94,BG 250
136,26,73,25.58,64.86,5.69,BG 250
125,37,63,27.34,75.19,6.36,BG 250
122,38,79,26.17,73.99,5.68,BG 250
122,34,70,28.93,64.36,5.94,BG 250
127,38,75,26.06,72.96,5.95,BG 250
141,37,61,26.89,70.74,5.63,BG 250
142,30,68,31.79,76.93,6.43,BG 250
122,34,76,27.25,74.33,6.25,BG 250
127,38,63,29.91,70.99,6.42,BG 250
134,38,62,26.30,73.13,5.85,BG 250
125,32,68,27.30,68.89,5.51,BG 250
127,37,57,30.87,63.03,6.14,BG 250
127,28,60,31.86,71.15,5.52,BG 250
145,25,70,28.66,65.28,5.72,BG 250
129,29,74,27.02,73.82,6.24,BG 250
138,25,64,27.56,60.55,5.61,BG 250
150,25,72,28.36,72.53,6.95,BG 250
125,27,72,26.44,75.76,6.36,BG 250
128,26,80,28.18,69.31,6.20,BG 250
148,28,72,29.46,76.73,5.69,BG 250
134,27,78,29.45,72.11,5.99,BG 250
125,38,80,26.57,72.07,6.36,BG 250
134,34,63,31.59,64.86,6.20,BG 250
122,37,73,31.86,71.15,5.95,BG 250
133,35,66,28.40,66.63,5.67,BG 250
135,32,75,26.66,60.80,6.42,BG 250
129,32,66,28.12,79.20,6.14,BG 250
128,36,75,27.62,66.54,6.14,BG 250
125,37,63,27.56,60.55,6.48,BG 250
133,35,62,28.54,64.23,6.22,BG 250
124,31,68,28.36,72.53,6.42,BG 250
129,26,73,29.46,53.01,6.36,BG 250
130,28,60,29.53,77.93,6.69,BG 250
126,25,54,25.69,60.84,6.52,BG 250
123,26,66,25.76,72.96,6.45,BG 250
128,30,77,27.15,63.61,6.23,BG 250
127,27,69,30.88,71.08,6.38,BG 250
121,32,66,29.46,71.15,5.79,BG 250
140,37,74,28.93,75.87,6.17,BG 250
124,33,64,25.32,63.54,6.00,BG 250
127,37,79,27.25,60.80,5.66,BG 250
135,35,72,31.41,69.28,6.08,BG 250
123,31,80,29.45,77.44,5.59,BG 250
127,32,78,29.91,68.72,5.98,BG 250
134,40,61,26.48,68.42,5.54,BG 250
138,36,66,28.81,60.55,6.36,BG 250
128,32,66,25.29,75.76,6.36,BG 250
126,32,69,26.93,70.39,5.94,BG 250
134,40,74,26.15,75.19,6.43,BG 250
138,39,79,28.57,71.08,6.11,BG 250
123,37,80,25.40,74.33,6.14,BG 250
129,33,78,27.20,74.42,6.48,BG 250
125,25,64,26.70,63.77,5.82,BG 250
128,34,80,27.43,72.83,5.93,BG 250
138,38,75,25.37,60.80,6.04,BG 250
134,32,69,28.76,77.44,5.99,BG 250
124,37,69,25.19,79.20,5.77,BG 250
126,30,69,26.17,70.90,6.45,BG 250
130,33,78,26.84,68.42,6.23,BG 250
129,35,65,29.62,65.28,6.38,BG 250
138,36,74,28.35,73.82,6.36,BG 250
135,37,64,27.20,66.54,6.22,BG 250
131,35,70,29.45,60.55,5.56,BG 250
125,31,80,29.91,64.23,6.36,BG 250
122,32,71,26.30,72.53,5.54,BG 250
139,30,61,27.30,62.68,5.65,BG 250
134,34,69,25.83,69.31,6.15,BG 250
128,39,69,31.86,57.49,5.50,BG 250
130,35,69,28.81,52.63,5.79,BG 250
123,36,78,30.26,51.90,6.05,BG 250
128,32,76,25.29,55.06,6.17,BG 250
129,31,65,30.07,54.05,5.70,BG 250
127,32,74,29.59,50.46,6.00,BG 250
134,35,64,25.74,58.33,5.56,BG 250
125,32,70,30.10,52.54,6.26,BG 250
141,30,71,26.93,70.39,5.98,BG 250
118,37,59,25.29,74.42,6.70,BG 250
122,40,68,30.07,83.47,5.64,BG 250
133,37,60,28.90,75.19,6.88,BG 250
139,30,60,28.95,69.14,5.77,BG 250
125,26,60,29.55,63.03,6.41,BG 250
148,25,52,25.58,72.83,6.26,BG 250
144,29,91,29.17,68.72,6.27,BG 250
124,34,81,28.08,71.15,6.19,BG 250
125,33,78,25.69,78.19,5.72,BG 250
131,39,84,29.44,75.87,6.24,BG 250
139,36,80,28.26,63.54,6.07,BG 250
121,32,75,25.46,72.83,5.88,BG 250
127,31,63,30.78,65.60,5.81,BG 250
128,35,68,30.16,60.80,5.78,BG 250
124,32,62,28.12,73.82,6.23,BG 250
126,36,70,26.35,60.55,6.38,BG 250
123,38,72,27.98,64.23,6.36,BG 250
134,39,62,28.45,72.53,6.22,BG 250
120,40,79,30.14,62.68,5.56,BG 250
125,37,72,25.67,65.45,6.36,BG 250
122,37,80,25.64,75.76,5.54,BG 250
131,37,78,30.62,69.31,5.65,BG 250
139,31,72,28.66,79.04,6.00,BG 250
137,39,61,27.62,72.66,6.15,BG 250
136,39,78,27.56,74.59,6.41,BG 250
135,32,64,25.76,51.77,6.05,BG 250
138,33,66,27.15,53.01,6.17,BG 250
122,39,76,28.36,57.49,5.70,BG 250
129,38,67,27.94,79.87,5.56,BG 250
125,39,70,25.46,77.93,6.26,BG 250
129,38,66,29.80,70.39,6.20,BG 250
122,38,80,31.59,74.84,5.66,BG 250
125,30,69,31.70,75.19,6.27,BG 250
128,36,60,28.17,60.80,6.32,BG 250
123,39,68,29.13,60.55,6.19,BG 250
132,30,66,25.64,51.77,5.54,BG 250
124,33,75,27.56,51.90,6.27,BG 250
123,36,67,27.94,50.46,5.94,BG 250
134,32,69,26.71,58.33,5.69,BG 250
120,31,69,26.44,52.54,5.57,BG 250
125,32,78,28.18,55.58,6.36,BG 250
122,35,76,27.38,52.00,5.78,BG 250
131,32,65,29.46,57.04,5.68,BG 250
137,39,70,29.45,50.23,6.36,BG 250
136,34,63,29.91,51.85,5.74,BG 250
135,30,74,26.30,50.51,6.16,BG 250
138,32,71,29.53,59.09,5.56,BG 250
122,37,73,26.12,53.80,5.63,BG 250
123,36,60,25.49,51.93,6.11,BG 250
122,37,76,29.20,53.55,5.67,BG 250
122,37,61,28.08,54.64,5.85,BG 250
132,35,67,30.88,79.87,5.52,BG 250
131,33,65,25.46,70.39,6.10,BG 250
138,32,76,29.98,64.78,6.42,BG 250
125,30,61,26.44,75.19,6.19,BG 250
124,34,63,27.38,60.84,6.22,BG 250
126,30,70,30.51,60.17,5.82,BG 250
130,39,79,29.46,77.67,6.36,BG 250
138,37,69,30.44,74.92,6.23,BG 250
129,32,68,28.93,69.14,6.41,BG 250
138,37,66,26.06,64.36,6.19,BG 250
135,36,75,25.32,72.96,5.72,BG 250
125,39,70,31.90,70.74,6.62,BG 250
129,40,64,29.45,74.42,5.68,BG 250
134,30,68,29.91,67.63,6.52,BG 250
121,36,72,27.69,73.82,6.36,BG 250
123,30,72,28.17,51.39,5.50,BG 250
124,38,80,29.27,79.62,5.56,BG 250
139,37,72,28.40,65.79,6.08,BG 250
139,33,64,25.19,69.14,6.04,BG 250
132,32,76,26.84,72.96,5.95,BG 250
120,34,69,31.59,68.89,6.01,BG 250
139,38,78,31.70,70.56,6.16,BG 250
136,37,74,30.51,75.87,5.56,BG 250
129,32,74,27.25,68.72,5.51,BG 250
122,30,62,31.41,79.20,6.32,BG 250
124,34,64,29.45,70.90,6.14,BG 250
133,39,79,26.48,73.82,6.11,BG 250
124,35,72,30.87,66.54,6.10,BG 250
132,32,78,31.32,64.23,6.48,BG 250
129,32,78,26.93,75.76,6.46,BG 250
137,30,77,31.77,69.31,6.25,BG 250
125,37,69,26.66,60.84,6.45,BG 250
122,38,75,29.46,63.77,6.00,BG 250
127,39,66,25.32,70.56,5.56,BG 250
125,38,61,26.89,71.15,6.26,BG 250
141,38,64,29.45,78.19,6.20,BG 250
139,32,68,29.91,75.87,5.66,BG 250
142,32,76,26.30,71.74,6.08,BG 250
147,33,63,29.53,65.60,6.27,BG 250
127,36,62,26.12,66.63,5.78,BG 250
134,35,68,25.49,60.80,5.54,BG 250
133,37,79,29.82,77.44,5.61,BG 250
127,35,67,26.57,68.72,5.95,BG 250
144,32,62,27.02,70.90,6.36,BG 250
133,34,58,26.61,73.82,5.57,BG 250
136,36,56,29.50,58.15,5.85,BG 250
125,39,60,29.64,52.24,6.32,BG 250
122,37,50,27.69,55.24,5.74,BG 250
130,31,56,27.07,56.23,6.11,BG 250
122,39,82,27.51,64.86,6.25,BG 250
122,27,70,27.65,60.17,6.19,BG 250
139,37,84,26.48,71.15,6.26,BG 250
136,40,72,28.81,78.19,6.65,BG 250
148,27,69,26.09,73.82,5.99,BG 250
130,26,66,25.23,60.55,5.77,BG 250
134,25,75,26.93,64.23,6.45,BG 250
145,29,70,29.71,72.53,6.23,BG 250
126,32,58,27.42,77.67,6.20,BG 250
138,35,70,25.91,71.08,5.54,BG 250
132,32,78,28.40,73.13,6.20,BG 250
132,34,78,28.76,63.77,6.36,BG 250
126,36,75,29.62,63.54,5.74,BG 250
122,37,71,25.32,69.28,5.63,BG 250
137,39,69,26.30,70.90,6.35,BG 250
138,33,76,25.49,66.54,6.32,BG 250
129,27,64,26.57,72.53,6.15,BG 250
129,26,54,27.02,65.45,6.11,BG 250
128,30,66,29.71,64.78,6.23,BG 250
137,38,74,27.11,65.79,6.19,BG 250
124,32,62,28.72,74.92,6.20,BG 250
126,37,79,28.90,69.14,6.29,BG 250
138,33,80,29.50,72.96,5.83,BG 250
135,36,71,25.11,71.08,6.93,BG 250
126,30,64,25.40,70.99,6.93,BG 250
129,34,66,27.20,73.13,5.62,BG 250
132,34,75,27.42,61.34,5.95,BG 250
128,33,67,26.24,63.03,6.22,BG 250
128,36,80,27.51,71.15,5.86,BG 250
129,32,71,26.70,78.19,5.69,BG 250
127,31,61,26.97,75.87,6.84,BG 250
125,35,69,29.55,63.54,6.52,BG 250
141,37,70,27.34,68.42,5.99,BG 250
134,40,62,25.19,61.68,5.73,BG 250
122,30,64,26.17,65.28,5.77,BG 250
137,38,72,29.17,66.54,6.23,BG 250
136,38,79,28.35,64.23,6.38,BG 250
122,38,72,27.20,72.53,6.36,BG 250
141,32,80,27.02,62.68,6.22,BG 250
141,37,72,27.56,75.76,6.36,BG 250
138,35,77,27.15,50.23,6.38,BG 250
136,35,66,27.94,51.05,5.50,BG 250
138,31,76,25.46,58.49,5.79,BG 250
128,30,67,31.59,79.87,6.17,BG 250
122,34,70,26.71,77.93,5.70,BG 250
148,40,66,29.98,70.39,6.00,BG 250
130,33,71,31.70,79.62,6.26,BG 250
123,36,77,26.30,76.93,5.69,BG 250
127,40,77,26.09,63.77,6.16,BG 250
128,30,73,29.91,70.90,5.74,BG 250
126,36,69,28.57,66.54,6.14,BG 250
134,39,66,25.40,64.23,6.22,BG 250
137,39,64,27.51,59.86,6.36,BG 250
135,33,76,26.97,51.85,6.41,BG 250
133,35,80,25.91,50.51,6.19,BG 250
122,39,62,27.65,79.87,5.51,BG 250
124,32,60,25.58,64.78,6.94,BG 250
134,26,61,29.45,74.33,6.94,BG 250
124,29,66,26.30,67.63,6.31,BG 250
138,29,67,30.87,68.89,5.76,BG 250
129,28,70,25.83,61.34,6.75,BG 250
131,25,71,27.74,70.56,5.99,BG 250
125,27,61,25.23,71.15,5.73,BG 250
122,25,75,26.93,78.19,5.77,BG 250
139,27,69,29.71,75.87,6.45,BG 250
134,28,69,26.21,72.83,6.38,BG 250
132,27,69,26.15,65.60,6.36,BG 250
128,29,78,27.60,66.63,6.22,BG 250
130,27,76,29.87,60.80,5.56,BG 250
123,26,65,28.72,69.28,6.36,BG 250
128,27,74,28.90,77.44,5.54,BG 250
129,28,64,25.78,68.72,5.65,BG 250
127,26,70,29.50,79.20,6.00,BG 250
134,30,63,29.91,70.90,6.38,BG 250
125,27,74,29.64,68.42,6.15,BG 250
124,30,73,28.57,66.54,6.05,BG 250
144,28,60,27.07,60.55,6.17,BG 250
133,29,62,25.40,64.23,5.70,BG 250
141,27,62,27.71,62.68,5.56,BG 250
134,25,76,27.42,65.45,6.26,BG 250
122,29,77,26.24,75.76,6.20,BG 250
129,30,61,29.68,69.31,5.66,BG 250
137,29,65,28.17,79.04,6.08,BG 250
139,29,78,27.51,63.77,5.59,BG 250
136,29,61,26.70,70.56,5.98,BG 250
141,28,64,29.27,53.01,6.04,BG 250
138,27,68,28.40,70.39,6.36,BG 250
150,30,61,25.37,79.62,5.94,BG 250
136,26,73,25.58,64.86,5.69,BG 250
125,37,63,27.34,75.19,6.36,BG 250
122,38,79,26.17,73.99,5.68,BG 250
122,34,70,28.93,64.36,5.94,BG 250
127,38,75,26.06,72.96,5.95,BG 250
141,37,61,26.89,70.74,5.63,BG 250
142,30,68,31.79,76.93,6.43,BG 250
122,34,76,27.25,74.33,6.25,BG 250
127,38,63,29.91,70.99,6.42,BG 250
134,38,62,26.30,73.13,5.85,BG 250
125,32,68,27.30,68.89,5.51,BG 250
127,37,57,30.87,63.03,6.14,BG 250
127,28,60,31.86,71.15,5.52,BG 250
145,25,70,28.66,65.28,5.72,BG 250
129,29,74,27.02,73.82,6.24,BG 250
138,25,64,27.56,60.55,5.61,BG 250
150,25,72,28.36,72.53,6.95,BG 250
125,27,72,26.44,75.76,6.36,BG 250
128,26,80,28.18,69.31,6.20,BG 250
148,28,72,29.46,76.73,5.69,BG 250
134,27,78,29.45,72.11,5.99,BG 250
125,38,80,26.57,72.07,6.36,BG 250
134,34,63,31.59,64.86,6.20,BG 250
122,37,73,31.86,71.15,5.95,BG 250
133,35,66,28.40,66.63,5.67,BG 250
135,32,75,26.66,60.80,6.42,BG 250
129,32,66,28.12,79.20,6.14,BG 250
128,36,75,27.62,66.54,6.14,BG 250
125,37,63,27.56,60.55,6.48,BG 250
133,35,62,28.54,64.23,6.22,BG 250
124,31,68,28.36,72.53,6.42,BG 250
129,26,73,29.46,53.01,6.36,BG 250
130,28,60,29.53,77.93,6.69,BG 250
126,25,54,25.69,60.84,6.52,BG 250
123,26,66,25.76,72.96,6.45,BG 250
128,30,77,27.15,63.61,6.23,BG 250
127,27,69,30.88,71.08,6.38,BG 250
121,32,66,29.46,71.15,5.79,BG 250
140,37,74,28.93,75.87,6.17,BG 250
124,33,64,25.32,63.54,6.00,BG 250
127,37,79,27.25,60.80,5.66,BG 250
135,35,72,31.41,69.28,6.08,BG 250
123,31,80,29.45,77.44,5.59,BG 250
127,32,78,29.91,68.72,5.98,BG 250
134,40,61,26.48,68.42,5.54,BG 250
138,36,66,28.81,60.55,6.36,BG 250
128,32,66,25.29,75.76,6.36,BG 250
126,32,69,26.93,70.39,5.94,BG 250
134,40,74,26.15,75.19,6.43,BG 250
138,39,79,28.57,71.08,6.11,BG 250
123,37,80,25.40,74.33,6.14,BG 250
129,33,78,27.20,74.42,6.48,BG 250
125,25,64,26.70,63.77,5.82,BG 250
128,34,80,27.43,72.83,5.93,BG 250
138,38,75,25.37,60.80,6.04,BG 250
134,32,69,28.76,77.44,5.99,BG 250
124,37,69,25.19,79.20,5.77,BG 250
126,30,69,26.17,70.90,6.45,BG 250
130,33,78,26.84,68.42,6.23,BG 250
129,35,65,29.62,65.28,6.38,BG 250
138,36,74,28.35,73.82,6.36,BG 250
135,37,64,27.20,66.54,6.22,BG 250
131,35,70,29.45,60.55,5.56,BG 250
125,31,80,29.91,64.23,6.36,BG 250
122,32,71,26.30,72.53,5.54,BG 250
139,30,61,27.30,62.68,5.65,BG 250
134,34,69,25.83,69.31,6.15,BG 250
128,39,69,31.86,57.49,5.50,BG 250
130,35,69,28.81,52.63,5.79,BG 250
123,36,78,30.26,51.90,6.05,BG 250
128,32,76,25.29,55.06,6.17,BG 250
129,31,65,30.07,54.05,5.70,BG 250
127,32,74,29.59,50.46,6.00,BG 250
134,35,64,25.74,58.33,5.56,BG 250
125,32,70,30.10,52.54,6.26,BG 250
141,30,71,26.93,70.39,5.98,BG 250
127,30,66,29.59,75.19,6.25,BG 352
125,34,70,25.74,73.99,6.14,BG 352
125,27,59,29.71,74.42,5.73,BG 352
127,28,54,27.60,79.62,6.45,BG 352
134,34,57,29.91,60.84,5.87,BG 352
81,30,74,25.19,60.80,6.08,BG 352
85,27,86,26.84,77.44,5.98,BG 352
85,30,99,20.87,73.82,6.27,BG 352
104,27,85,25.83,66.54,6.36,BG 352
99,27,91,21.32,60.55,6.20,BG 352
118,29,80,27.33,74.42,6.16,BG 352
96,29,81,28.12,79.87,5.94,BG 352
109,29,50,28.66,79.62,6.11,BG 352
136,40,87,28.36,73.99,6.42,BG 352
125,38,72,27.38,69.14,5.74,BG 352
126,32,92,25.32,72.96,5.52,BG 352
139,37,85,29.45,70.74,6.10,BG 352
133,33,83,26.30,76.93,6.48,BG 352
123,35,90,28.81,74.42,6.42,BG 352
126,32,87,29.82,61.34,5.82,BG 352
126,30,90,26.57,63.03,6.36,BG 352
134,34,81,29.20,63.77,6.23,BG 352
127,40,80,27.02,70.56,6.41,BG 352
128,30,66,25.64,68.42,5.73,BG 352
123,34,75,20.88,74.42,6.00,BG 352
124,32,71,26.71,79.62,6.08,BG 352
122,32,61,29.98,64.86,5.59,BG 352
133,33,69,28.18,65.79,5.78,BG 352
124,36,67,27.38,73.99,5.54,BG 352
125,38,63,26.21,70.74,5.57,BG 352
129,36,62,29.50,73.13,5.74,BG 352
139,32,65,28.57,71.15,6.11,BG 352
123,35,65,29.68,66.63,5.51,BG 352
134,32,76,26.97,68.72,6.15,BG 352
140,32,73,29.55,70.90,6.11,BG 352
126,30,67,29.27,68.42,6.10,BG 352
102,37,66,25.37,64.23,6.46,BG 352
113,37,70,28.76,62.68,6.22,BG 352
101,40,61,26.84,79.04,6.41,BG 352
126,35,43,26.48,70.05,6.23,BG 352
133,34,66,25.49,73.22,6.22,BG 352
123,25,74,29.82,77.18,6.36,BG 352
127,38,80,28.26,67.05,5.79,BG 352
125,32,72,22.62,61.85,6.17,BG 352
123,33,65,25.46,74.42,6.15,BG 352
133,32,64,27.94,77.93,6.11,BG 352
122,40,75,21.79,71.08,5.86,BG 352
139,37,66,27.25,76.93,5.69,BG 352
127,32,62,26.09,70.56,5.69,BG 352
119,35,42,28.21,63.54,5.69,BG 352
110,36,78,27.11,72.83,5.95,BG 352
108,31,52,27.60,60.80,6.29,BG 352
124,40,87,25.78,79.20,5.77,BG 352
121,34,86,29.50,70.90,6.45,BG 352
122,33,40,29.91,68.42,6.23,BG 352
125,35,70,25.11,65.28,6.38,BG 352
126,32,81,28.95,66.54,6.22,BG 352
139,32,99,27.07,64.23,6.36,BG 352
124,35,41,25.40,72.53,5.54,BG 352
133,32,91,27.20,62.68,5.65,BG 352
123,30,83,27.71,65.45,6.00,BG 352
135,34,42,29.68,79.04,6.41,BG 352
127,39,43,27.51,74.42,5.79,BG 352
126,32,87,26.97,77.93,6.17,BG 352
134,37,90,25.91,70.39,5.70,BG 352
127,36,44,29.55,74.84,6.00,BG 352
125,39,45,27.65,64.86,6.26,BG 352
138,37,46,27.43,75.19,5.66,BG 352
136,39,78,25.58,60.17,6.27,BG 352
128,39,77,28.76,77.67,5.78,BG 352
124,35,66,26.17,64.36,5.61,BG 352
128,27,71,20.88,74.42,5.57,BG 352
134,30,69,29.80,73.13,5.68,BG 352
125,38,67,26.71,61.34,6.22,BG 352
122,39,69,29.98,63.03,6.36,BG 352
137,32,76,28.18,71.15,5.94,BG 352
137,32,65,27.38,78.19,5.95,BG 352
135,30,64,29.46,71.74,5.63,BG 352
133,33,70,20.44,63.54,6.11,BG 352
122,36,58,25.32,66.63,6.35,BG 352
122,40,70,29.91,68.42,5.74,BG 352
128,34,72,26.30,61.68,6.15,BG 352
133,31,72,21.86,72.53,6.22,BG 352
128,35,61,20.26,65.45,6.19,BG 352
125,39,64,21.79,74.42,5.82,BG 352
139,30,76,28.13,77.93,6.23,BG 352
129,39,69,28.12,69.14,6.36,BG 352
128,33,70,27.62,76.93,6.00,BG 352
134,26,69,28.36,67.63,6.41,BG 352
125,26,68,27.94,70.99,5.50,BG 352
107,34,70,27.38,63.03,5.70,BG 352
122,37,80,26.48,63.54,5.59,BG 352
135,33,58,28.26,66.54,6.36,BG 352
139,32,51,25.23,75.76,5.74,BG 352
122,32,59,29.71,79.04,5.94,BG 352
103,39,59,27.20,74.42,6.14,BG 352
113,39,51,27.71,79.87,6.48,BG 352
90,32,52,29.68,74.84,6.19,BG 352
147,29,81,27.43,74.92,6.24,BG 352
129,26,56,26.57,66.63,5.72,BG 352
127,25,59,28.08,77.44,5.59,BG 352
138,28,50,26.61,70.90,6.27,BG 352
136,40,66,26.21,75.76,6.36,BG 352
124,30,61,26.15,69.31,6.22,BG 352
125,38,80,28.90,74.42,5.65,BG 352
139,37,68,29.64,74.84,6.41,BG 352
124,30,67,25.11,79.62,5.50,BG 352
127,40,70,28.17,64.36,5.59,BG 352
131,39,64,26.97,70.74,5.78,BG 352
136,32,72,29.41,67.63,6.27,BG 352
128,30,77,27.34,70.56,5.78,BG 352
134,39,70,27.20,65.60,5.94,BG 352
120,40,66,27.38,66.63,5.95,BG 352
137,39,69,29.91,79.20,6.25,BG 352
136,39,67,26.48,68.42,5.67,BG 352
135,33,69,28.81,61.68,6.42,BG 352
125,25,58,28.26,74.42,6.42,BG 352
132,28,57,27.74,74.84,6.22,BG 352
125,38,64,26.15,60.84,6.24,BG 352
138,35,72,29.64,70.74,6.12,BG 352
139,32,61,27.07,67.63,6.15,BG 352
134,40,76,27.71,68.89,6.29,BG 352
130,39,70,29.68,63.77,5.83,BG 352
123,35,66,28.17,70.56,6.32,BG 352
140,32,69,29.27,72.83,5.88,BG 352
126,30,67,27.65,65.60,6.41,BG 352
139,39,62,29.62,60.55,5.97,BG 352
125,32,75,29.80,74.42,6.05,BG 352
101,35,75,27.38,64.78,5.66,BG 352
136,40,69,29.46,65.79,5.59,BG 352
122,38,69,26.06,60.17,5.78,BG 352
126,32,74,21.79,64.36,5.95,BG 352
140,32,64,27.25,72.96,6.27,BG 352
124,30,63,29.45,70.74,6.20,BG 352
123,35,64,27.30,74.33,5.57,BG 352
135,37,73,20.87,67.63,5.78,BG 352
127,31,62,21.32,73.13,6.01,BG 352
125,33,65,25.23,71.15,5.95,BG 352
139,36,69,28.21,71.74,6.11,BG 352
121,32,65,27.11,63.54,6.43,BG 352
124,37,68,28.90,77.44,5.51,BG 352
121,39,67,29.64,68.42,6.15,BG 352
124,32,70,27.69,65.28,6.11,BG 352
128,37,79,28.95,73.82,6.10,BG 352
123,38,68,27.07,60.55,6.48,BG 352
120,40,75,27.20,72.53,6.42,BG 352
137,39,61,28.17,79.04,5.82,BG 352
138,33,63,29.27,74.42,6.24,BG 352
123,34,68,29.41,77.93,5.82,BG 352
138,28,50,27.25,71.08,5.54,BG 352
139,27,64,29.91,74.42,6.43,BG 352
126,28,64,27.69,65.28,5.50,BG 352
127,27,71,28.95,73.82,5.79,BG 352
145,27,65,27.65,74.42,5.61,BG 352
129,30,60,29.41,79.87,5.95,BG 352
143,36,68,29.17,60.17,6.22,BG 352
127,26,70,28.54,64.23,5.95,BG 352
136,27,62,27.94,62.68,6.27,BG 352
122,30,78,27.38,79.04,5.94,BG 352
96,26,77,29.91,63.19,5.73,BG 352
89,28,64,26.48,76.01,6.45,BG 352
122,38,70,28.54,77.10,6.22,BG 352
127,39,66,29.82,77.07,5.56,BG 352
139,37,69,25.69,70.81,6.38,BG 352
127,36,78,27.15,74.42,6.05,BG 352
126,30,70,29.80,79.62,6.26,BG 352
131,39,71,21.70,73.99,5.98,BG 352
128,35,76,28.93,64.36,5.95,BG 352
124,37,65,26.89,70.74,6.20,BG 352
128,37,65,26.30,73.13,6.01,BG 352
123,38,80,26.48,61.34,6.36,BG 352
125,37,61,21.32,70.56,5.94,BG 352
136,39,69,29.59,72.83,6.25,BG 352
138,33,70,30.00,69.28,5.85,BG 352
123,34,75,27.33,68.72,6.32,BG 352
122,33,68,25.64,61.68,5.52,BG 352
124,29,51,26.48,74.42,6.09,BG 352
126,28,55,28.81,79.87,5.62,BG 352
122,29,56,27.02,65.79,5.84,BG 352
134,29,67,27.94,76.93,6.36,BG 352
136,30,45,29.98,73.13,5.65,BG 352
121,38,49,21.70,61.34,6.38,BG 352
139,30,62,26.06,71.74,5.70,BG 352
126,34,71,27.30,70.90,5.78,BG 352
127,34,78,20.87,61.68,6.04,BG 352
124,33,77,25.83,65.28,5.61,BG 352
139,32,76,20.26,64.23,6.20,BG 352
127,32,67,25.65,62.68,5.69,BG 352
136,35,70,28.49,65.45,5.57,BG 352
132,30,69,26.09,74.42,6.36,BG 352
121,37,67,25.23,77.93,6.16,BG 352
120,37,64,27.60,65.79,6.25,BG 352
125,37,70,29.87,73.99,6.35,BG 352
136,33,64,29.64,64.36,6.14,BG 352
135,35,70,25.11,72.96,5.74,BG 352
133,32,72,27.69,63.61,6.15,BG 352
122,27,77,28.17,61.34,6.25,BG 352
126,37,74,26.09,74.42,5.66,BG 352
127,30,66,29.59,75.19,6.25,BG 352
125,34,70,25.74,73.99,6.14,BG 352
125,27,59,29.71,74.42,5.73,BG 352
127,28,54,27.60,79.62,6.45,BG 352
134,34,57,29.91,60.84,5.87,BG 352
81,30,74,25.19,60.80,6.08,BG 352
85,27,86,26.84,77.44,5.98,BG 352
85,30,99,20.87,73.82,6.27,BG 352
104,27,85,25.83,66.54,6.36,BG 352
99,27,91,21.32,60.55,6.20,BG 352
118,29,80,27.33,74.42,6.16,BG 352
96,29,81,28.12,79.87,5.94,BG 352
109,29,50,28.66,79.62,6.11,BG 352
136,40,87,28.36,73.99,6.42,BG 352
125,38,72,27.38,69.14,5.74,BG 352
126,32,92,25.32,72.96,5.52,BG 352
139,37,85,29.45,70.74,6.10,BG 352
133,33,83,26.30,76.93,6.48,BG 352
123,35,90,28.81,74.42,6.42,BG 352
126,32,87,29.82,61.34,5.82,BG 352
126,30,90,26.57,63.03,6.36,BG 352
134,34,81,29.20,63.77,6.23,BG 352
127,40,80,27.02,70.56,6.41,BG 352
128,30,66,25.64,68.42,5.73,BG 352
123,34,75,20.88,74.42,6.00,BG 352
124,32,71,26.71,79.62,6.08,BG 352
122,32,61,29.98,64.86,5.59,BG 352
133,33,69,28.18,65.79,5.78,BG 352
124,36,67,27.38,73.99,5.54,BG 352
125,38,63,26.21,70.74,5.57,BG 352
129,36,62,29.50,73.13,5.74,BG 352
139,32,65,28.57,71.15,6.11,BG 352
123,35,65,29.68,66.63,5.51,BG 352
134,32,76,26.97,68.72,6.15,BG 352
140,32,73,29.55,70.90,6.11,BG 352
126,30,67,29.27,68.42,6.10,BG 352
102,37,66,25.37,64.23,6.46,BG 352
113,37,70,28.76,62.68,6.22,BG 352
101,40,61,26.84,79.04,6.41,BG 352
126,35,43,26.48,70.05,6.23,BG 352
133,34,66,25.49,73.22,6.22,BG 352
123,25,74,29.82,77.18,6.36,BG 352
127,38,80,28.26,67.05,5.79,BG 352
125,32,72,22.62,61.85,6.17,BG 352
123,33,65,25.46,74.42,6.15,BG 352
133,32,64,27.94,77.93,6.11,BG 352
122,40,75,21.79,71.08,5.86,BG 352
139,37,66,27.25,76.93,5.69,BG 352
127,32,62,26.09,70.56,5.69,BG 352
119,35,42,28.21,63.54,5.69,BG 352
110,36,78,27.11,72.83,5.95,BG 352
108,31,52,27.60,60.80,6.29,BG 352
124,40,87,25.78,79.20,5.77,BG 352
121,34,86,29.50,70.90,6.45,BG 352
122,33,40,29.91,68.42,6.23,BG 352
125,35,70,25.11,65.28,6.38,BG 352
126,32,81,28.95,66.54,6.22,BG 352
139,32,99,27.07,64.23,6.36,BG 352
124,35,41,25.40,72.53,5.54,BG 352
133,32,91,27.20,62.68,5.65,BG 352
123,30,83,27.71,65.45,6.00,BG 352
135,34,42,29.68,79.04,6.41,BG 352
127,39,43,27.51,74.42,5.79,BG 352
126,32,87,26.97,77.93,6.17,BG 352
134,37,90,25.91,70.39,5.70,BG 352
127,36,44,29.55,74.84,6.00,BG 352
125,39,45,27.65,64.86,6.26,BG 352
138,37,46,27.43,75.19,5.66,BG 352
136,39,78,25.58,60.17,6.27,BG 352
128,39,77,28.76,77.67,5.78,BG 352
124,35,66,26.17,64.36,5.61,BG 352
128,27,71,20.88,74.42,5.57,BG 352
134,30,69,29.80,73.13,5.68,BG 352
125,38,67,26.71,61.34,6.22,BG 352
122,39,69,29.98,63.03,6.36,BG 352
137,32,76,28.18,71.15,5.94,BG 352
137,32,65,27.38,78.19,5.95,BG 352
135,30,64,29.46,71.74,5.63,BG 352
133,33,70,20.44,63.54,6.11,BG 352
122,36,58,25.32,66.63,6.35,BG 352
122,40,70,29.91,68.42,5.74,BG 352
128,34,72,26.30,61.68,6.15,BG 352
133,31,72,21.86,72.53,6.22,BG 352
128,35,61,20.26,65.45,6.19,BG 352
125,39,64,21.79,74.42,5.82,BG 352
139,30,76,28.13,77.93,6.23,BG 352
129,39,69,28.12,69.14,6.36,BG 352
128,33,70,27.62,76.93,6.00,BG 352
134,26,69,28.36,67.63,6.41,BG 352
125,26,68,27.94,70.99,5.50,BG 352
107,34,70,27.38,63.03,5.70,BG 352
122,37,80,26.48,63.54,5.59,BG 352
135,33,58,28.26,66.54,6.36,BG 352
139,32,51,25.23,75.76,5.74,BG 352
122,32,59,29.71,79.04,5.94,BG 352
103,39,59,27.20,74.42,6.14,BG 352
113,39,51,27.71,79.87,6.48,BG 352
90,32,52,29.68,74.84,6.19,BG 352
147,29,81,27.43,74.92,6.24,BG 352
129,26,56,26.57,66.63,5.72,BG 352
127,25,59,28.08,77.44,5.59,BG 352
138,28,50,26.61,70.90,6.27,BG 352
136,40,66,26.21,75.76,6.36,BG 352
124,30,61,26.15,69.31,6.22,BG 352
125,38,80,28.90,74.42,5.65,BG 352
139,37,68,29.64,74.84,6.41,BG 352
124,30,67,25.11,79.62,5.50,BG 352
127,40,70,28.17,64.36,5.59,BG 352
131,39,64,26.97,70.74,5.78,BG 352
136,32,72,29.41,67.63,6.27,BG 352
128,30,77,27.34,70.56,5.78,BG 352
134,39,70,27.20,65.60,5.94,BG 352
120,40,66,27.38,66.63,5.95,BG 352
137,39,69,29.91,79.20,6.25,BG 352
136,39,67,26.48,68.42,5.67,BG 352
135,33,69,28.81,61.68,6.42,BG 352
125,25,58,28.26,74.42,6.42,BG 352
132,28,57,27.74,74.84,6.22,BG 352
125,38,64,26.15,60.84,6.24,BG 352
138,35,72,29.64,70.74,6.12,BG 352
139,32,61,27.07,67.63,6.15,BG 352
134,40,76,27.71,68.89,6.29,BG 352
130,39,70,29.68,63.77,5.83,BG 352
123,35,66,28.17,70.56,6.32,BG 352
140,32,69,29.27,72.83,5.88,BG 352
126,30,67,27.65,65.60,6.41,BG 352
139,39,62,29.62,60.55,5.97,BG 352
125,32,75,29.80,74.42,6.05,BG 352
101,35,75,27.38,64.78,5.66,BG 352
136,40,69,29.46,65.79,5.59,BG 352
122,38,69,26.06,60.17,5.78,BG 352
126,32,74,21.79,64.36,5.95,BG 352
140,32,64,27.25,72.96,6.27,BG 352
124,30,63,29.45,70.74,6.20,BG 352
123,35,64,27.30,74.33,5.57,BG 352
135,37,73,20.87,67.63,5.78,BG 352
127,31,62,21.32,73.13,6.01,BG 352
125,33,65,25.23,71.15,5.95,BG 352
139,36,69,28.21,71.74,6.11,BG 352
121,32,65,27.11,63.54,6.43,BG 352
124,37,68,28.90,77.44,5.51,BG 352
121,39,67,29.64,68.42,6.15,BG 352
124,32,70,27.69,65.28,6.11,BG 352
128,37,79,28.95,73.82,6.10,BG 352
123,38,68,27.07,60.55,6.48,BG 352
120,40,75,27.20,72.53,6.42,BG 352
137,39,61,28.17,79.04,5.82,BG 352
138,33,63,29.27,74.42,6.24,BG 352
123,34,68,29.41,77.93,5.82,BG 352
138,28,50,27.25,71.08,5.54,BG 352
139,27,64,29.91,74.42,6.43,BG 352
126,28,64,27.69,65.28,5.50,BG 352
127,27,71,28.95,73.82,5.79,BG 352
145,27,65,27.65,74.42,5.61,BG 352
129,30,60,29.41,79.87,5.95,BG 352
143,36,68,29.17,60.17,6.22,BG 352
127,26,70,28.54,64.23,5.95,BG 352
136,27,62,27.94,62.68,6.27,BG 352
122,30,78,27.38,79.04,5.94,BG 352
96,26,77,29.91,63.19,5.73,BG 352
89,28,64,26.48,76.01,6.45,BG 352
122,38,70,28.54,77.10,6.22,BG 352
127,39,66,29.82,77.07,5.56,BG 352
139,37,69,25.69,70.81,6.38,BG 352
127,36,78,27.15,74.42,6.05,BG 352
126,30,70,29.80,79.62,6.26,BG 352
131,39,71,21.70,73.99,5.98,BG 352
128,35,76,28.93,64.36,5.95,BG 352
124,37,65,26.89,70.74,6.20,BG 352
128,37,65,26.30,73.13,6.01,BG 352
123,38,80,26.48,61.34,6.36,BG 352
125,37,61,21.32,70.56,5.94,BG 352
136,39,69,29.59,72.83,6.25,BG 352
138,33,70,30.00,69.28,5.85,BG 352
123,34,75,27.33,68.72,6.32,BG 352
122,33,68,25.64,61.68,5.52,BG 352
124,29,51,26.48,74.42,6.09,BG 352
126,28,55,28.81,79.87,5.62,BG 352
122,29,56,27.02,65.79,5.84,BG 352
134,29,67,27.94,76.93,6.36,BG 352
136,30,45,29.98,73.13,5.65,BG 352
121,38,49,21.70,61.34,6.38,BG 352
139,30,62,26.06,71.74,5.70,BG 352
126,34,71,27.30,70.90,5.78,BG 352
127,34,78,20.87,61.68,6.04,BG 352
124,33,77,25.83,65.28,5.61,BG 352
139,32,76,20.26,64.23,6.20,BG 352
127,32,67,25.65,62.68,5.69,BG 352
136,35,70,28.49,65.45,5.57,BG 352
132,30,69,26.09,74.42,6.36,BG 352
121,37,67,25.23,77.93,6.16,BG 352
120,37,64,27.60,65.79,6.25,BG 352
125,37,70,29.87,73.99,6.35,BG 352
136,33,64,29.64,64.36,6.14,BG 352
135,35,70,25.11,72.96,5.74,BG 352
133,32,72,27.69,63.61,6.15,BG 352
122,27,77,28.17,61.34,6.25,BG 352
126,37,74,26.09,74.42,5.66,BG 352
141,27,59,30.10,56.09,6.07,Mottaikaruppan
139,26,53,30.78,51.77,5.88,Mottaikaruppan
142,26,58,26.93,53.01,5.81,Mottaikaruppan
140,30,53,26.09,52.63,5.78,Mottaikaruppan
147,27,50,27.74,51.90,6.49,Mottaikaruppan
127,28,55,25.23,55.06,5.10,Mottaikaruppan
133,27,51,28.21,79.87,6.59,Mottaikaruppan
127,26,51,27.11,77.93,6.50,Mottaikaruppan
137,29,59,26.21,70.39,7.04,Mottaikaruppan
144,26,57,26.15,74.84,5.77,Mottaikaruppan
124,25,51,29.87,64.86,6.72,Mottaikaruppan
144,25,51,28.72,64.78,6.23,Mottaikaruppan
141,30,59,29.50,73.99,6.38,Mottaikaruppan
129,28,56,25.11,77.67,5.99,Mottaikaruppan
136,26,55,28.57,64.36,6.45,Mottaikaruppan
122,26,50,27.07,72.96,6.23,Mottaikaruppan
132,27,52,27.20,70.74,6.38,Mottaikaruppan
141,25,56,27.71,71.08,6.36,Mottaikaruppan
145,30,59,27.42,76.93,6.22,Mottaikaruppan
125,28,51,29.68,74.42,6.36,Mottaikaruppan
127,27,55,27.51,70.99,5.65,Mottaikaruppan
150,26,52,26.70,73.13,6.00,Mottaikaruppan
136,27,57,26.97,68.89,6.38,Mottaikaruppan
128,25,50,29.27,63.77,5.50,Mottaikaruppan
122,29,57,27.65,70.56,5.79,Mottaikaruppan
148,28,55,29.41,71.15,6.05,Mottaikaruppan
143,25,54,27.43,78.19,6.17,Mottaikaruppan
141,26,82,27.34,66.63,5.66,Mottaikaruppan
146,26,92,26.48,65.28,5.95,Mottaikaruppan
146,30,90,30.26,62.68,5.57,Mottaikaruppan
122,38,93,26.44,77.67,6.32,Mottaikaruppan
121,38,81,29.46,64.36,6.15,Mottaikaruppan
123,35,89,25.49,73.13,6.25,Mottaikaruppan
139,30,57,26.66,77.44,6.95,Mottaikaruppan
124,37,45,30.55,68.72,7.07,Mottaikaruppan
133,35,61,29.32,56.09,5.79,Mottaikaruppan
132,36,69,26.09,60.17,5.61,Mottaikaruppan
130,30,73,28.90,67.63,6.22,Mottaikaruppan
131,37,76,25.11,63.03,5.95,Mottaikaruppan
126,30,78,27.07,78.19,6.43,Mottaikaruppan
129,34,61,25.40,75.87,6.25,Mottaikaruppan
128,33,67,27.42,72.83,6.42,Mottaikaruppan
127,31,68,26.70,77.44,5.74,Mottaikaruppan
150,37,63,27.65,61.68,6.14,Mottaikaruppan
142,30,69,28.40,66.54,6.42,Mottaikaruppan
147,32,75,25.58,72.53,6.25,Mottaikaruppan
132,32,70,25.67,56.09,5.78,Mottaikaruppan
121,40,71,27.02,57.49,5.61,Mottaikaruppan
126,34,61,27.62,52.63,5.95,Mottaikaruppan
139,30,74,25.32,54.39,6.01,Mottaikaruppan
129,38,62,28.54,58.15,6.43,Mottaikaruppan
128,31,65,25.69,54.89,5.51,Mottaikaruppan
128,39,60,29.80,74.84,6.14,Mottaikaruppan
137,35,68,26.71,64.86,6.22,Mottaikaruppan
139,39,67,28.18,73.99,6.25,Mottaikaruppan
130,39,75,26.48,68.89,5.73,Mottaikaruppan
149,35,62,26.15,66.63,6.74,Mottaikaruppan
127,39,93,29.64,61.68,5.97,Mottaikaruppan
140,31,92,28.57,60.55,5.56,Mottaikaruppan
132,33,75,29.17,63.61,6.27,Mottaikaruppan
138,27,57,26.06,65.60,6.25,Mottaikaruppan
129,35,66,31.90,69.28,6.42,Mottaikaruppan
125,33,62,27.30,65.28,5.52,Mottaikaruppan
123,36,80,25.83,60.55,6.14,Mottaikaruppan
126,31,69,27.33,74.92,6.38,Mottaikaruppan
137,31,50,29.20,79.20,6.27,Mottaikaruppan
124,34,59,25.69,61.68,5.94,Mottaikaruppan
144,40,53,29.44,65.28,5.69,Mottaikaruppan
134,35,50,26.44,64.23,5.68,Mottaikaruppan
137,31,59,27.74,65.45,6.36,Mottaikaruppan
136,35,51,26.93,69.31,6.16,Mottaikaruppan
141,30,57,28.21,59.86,5.95,Mottaikaruppan
132,37,54,27.11,50.23,5.56,Mottaikaruppan
141,39,51,26.21,51.85,5.63,Mottaikaruppan
145,34,51,26.15,50.51,6.11,Mottaikaruppan
138,37,59,28.72,59.09,6.35,Mottaikaruppan
127,32,57,28.90,53.80,5.67,Mottaikaruppan
150,37,54,25.78,51.93,6.42,Mottaikaruppan
138,38,54,29.91,57.24,5.51,Mottaikaruppan
128,40,55,25.11,53.55,6.14,Mottaikaruppan
148,37,54,28.95,54.64,6.15,Mottaikaruppan
125,30,87,26.97,75.19,5.82,Mottaikaruppan
141,28,86,25.91,65.79,6.36,Mottaikaruppan
142,26,93,29.27,60.84,6.41,Mottaikaruppan
140,25,72,29.41,77.67,5.72,Mottaikaruppan
134,29,99,29.13,64.36,6.63,Mottaikaruppan
125,29,85,25.37,72.96,6.81,Mottaikaruppan
127,27,83,28.76,70.74,6.98,Mottaikaruppan
144,29,90,25.19,76.93,6.00,Mottaikaruppan
127,28,94,26.17,74.33,6.38,Mottaikaruppan
144,30,89,29.17,67.63,6.41,Mottaikaruppan
133,28,96,29.62,70.99,5.50,Mottaikaruppan
135,27,87,28.35,73.13,5.79,Mottaikaruppan
137,25,78,26.30,70.56,5.56,Mottaikaruppan
141,28,58,26.12,71.74,6.58,Mottaikaruppan
141,30,52,28.54,72.83,6.94,Mottaikaruppan
125,29,56,29.20,60.80,5.66,Mottaikaruppan
150,30,51,25.69,68.72,6.88,Mottaikaruppan
136,29,55,29.44,79.20,5.98,Mottaikaruppan
125,28,51,28.26,68.42,6.83,Mottaikaruppan
128,27,56,25.46,61.68,5.78,Mottaikaruppan
133,33,57,27.69,64.86,5.79,Mottaikaruppan
127,31,53,27.71,60.17,6.26,Mottaikaruppan
134,34,66,29.68,69.14,6.08,Mottaikaruppan
121,32,62,29.27,74.33,5.61,Mottaikaruppan
124,37,71,25.37,61.34,5.69,Mottaikaruppan
125,37,80,29.46,60.80,5.56,Mottaikaruppan
122,26,52,28.08,75.76,6.10,Mottaikaruppan
124,30,57,25.69,69.31,6.14,Mottaikaruppan
122,30,58,29.44,79.04,6.48,Mottaikaruppan
123,29,54,26.09,70.39,6.25,Mottaikaruppan
139,32,72,29.87,77.67,6.37,Mottaikaruppan
137,25,69,29.41,66.63,5.73,Mottaikaruppan
144,26,69,27.43,60.80,6.45,Mottaikaruppan
133,28,74,25.58,79.20,6.59,Mottaikaruppan
145,30,71,28.54,69.31,5.54,Mottaikaruppan
129,33,61,29.32,79.04,5.65,Mottaikaruppan
143,34,80,26.44,74.84,5.56,Mottaikaruppan
125,38,76,26.89,74.92,6.04,Mottaikaruppan
133,33,74,29.91,71.08,5.94,Mottaikaruppan
126,30,62,28.81,61.34,6.36,Mottaikaruppan
132,34,61,29.50,79.20,6.14,Mottaikaruppan
129,36,57,27.43,70.39,6.00,Mottaikaruppan
129,35,51,29.13,79.62,6.71,Mottaikaruppan
122,31,55,25.37,64.86,5.71,Mottaikaruppan
122,30,59,28.76,75.19,6.92,Mottaikaruppan
128,28,53,27.34,65.79,6.73,Mottaikaruppan
125,28,58,25.19,73.99,5.68,Mottaikaruppan
133,30,52,26.17,60.84,6.25,Mottaikaruppan
123,26,58,29.17,77.67,6.95,Mottaikaruppan
133,27,56,28.35,69.14,5.97,Mottaikaruppan
128,30,59,26.89,72.96,5.88,Mottaikaruppan
125,27,51,31.41,76.93,6.64,Mottaikaruppan
141,26,65,25.91,56.09,5.78,Mottaikaruppan
132,29,67,29.55,51.77,5.54,Mottaikaruppan
125,27,66,25.32,63.61,5.56,Mottaikaruppan
133,32,57,26.48,61.34,6.32,Mottaikaruppan
137,30,51,25.83,63.77,5.74,Mottaikaruppan
144,28,55,31.32,70.56,6.15,Mottaikaruppan
124,30,59,28.81,78.19,6.11,Mottaikaruppan
144,26,53,30.26,75.87,6.10,Mottaikaruppan
133,26,58,28.24,71.74,6.14,Mottaikaruppan
141,27,52,29.59,72.83,6.22,Mottaikaruppan
134,25,58,25.74,65.60,6.42,Mottaikaruppan
122,30,56,28.40,66.63,6.19,Mottaikaruppan
129,29,56,26.66,60.80,6.46,Mottaikaruppan
137,28,54,30.00,69.28,6.25,Mottaikaruppan
139,28,59,25.64,77.44,6.22,Mottaikaruppan
122,26,55,28.12,79.20,6.36,Mottaikaruppan
124,30,69,29.44,56.09,6.15,Mottaikaruppan
123,35,65,30.88,77.93,5.70,Mottaikaruppan
127,40,74,26.71,64.78,5.66,Mottaikaruppan
127,31,62,29.46,74.92,6.04,Mottaikaruppan
132,34,61,31.79,76.93,5.69,Mottaikaruppan
128,30,69,27.25,74.33,5.57,Mottaikaruppan
134,39,68,30.87,63.03,5.74,Mottaikaruppan
120,40,76,25.83,63.77,6.16,Mottaikaruppan
131,37,67,28.81,78.19,5.56,Mottaikaruppan
132,30,83,26.71,65.45,6.46,Mottaikaruppan
133,28,60,26.44,75.76,6.25,Mottaikaruppan
131,28,57,28.18,69.31,6.22,Mottaikaruppan
128,30,88,27.38,79.04,5.82,Mottaikaruppan
137,26,58,25.32,57.49,6.23,Mottaikaruppan
138,29,46,26.89,52.63,6.41,Mottaikaruppan
134,25,57,29.91,55.06,5.72,Mottaikaruppan
139,30,57,26.30,54.05,6.24,Mottaikaruppan
138,27,59,26.12,70.39,5.95,Mottaikaruppan
129,26,53,25.49,74.84,6.22,Mottaikaruppan
138,27,58,28.54,79.62,5.83,Mottaikaruppan
135,29,52,29.82,64.86,6.62,Mottaikaruppan
125,25,58,29.20,75.19,5.69,Mottaikaruppan
139,28,56,28.08,73.99,5.68,Mottaikaruppan
129,26,59,29.44,60.17,5.88,Mottaikaruppan
132,27,55,28.26,74.92,5.99,Mottaikaruppan
129,28,76,28.36,70.74,5.97,Mottaikaruppan
125,27,53,25.46,74.33,6.22,Mottaikaruppan
140,26,50,29.80,74.42,5.56,Mottaikaruppan
124,34,64,26.44,68.89,6.00,Mottaikaruppan
122,39,57,28.18,63.03,6.15,Mottaikaruppan
127,29,57,27.38,63.77,6.41,Mottaikaruppan
123,36,62,31.79,66.63,6.20,Mottaikaruppan
131,35,64,31.86,66.54,6.27,Mottaikaruppan
121,31,75,25.05,72.53,5.94,Mottaikaruppan
132,30,80,30.07,69.31,5.78,Mottaikaruppan
124,39,61,25.74,55.06,6.01,Mottaikaruppan
126,38,76,27.11,64.86,5.63,Mottaikaruppan
123,39,65,26.21,64.78,6.11,Mottaikaruppan
131,31,66,28.90,60.17,6.42,Mottaikaruppan
137,39,74,29.50,74.92,5.51,Mottaikaruppan
137,39,62,29.91,69.14,6.32,Mottaikaruppan
129,25,71,27.42,70.99,6.42,Mottaikaruppan
128,29,61,27.51,63.03,6.22,Mottaikaruppan
123,26,75,29.55,78.19,6.41,Mottaikaruppan
129,40,69,30.87,75.76,6.38,Mottaikaruppan
141,39,77,27.74,79.87,6.08,Mottaikaruppan
141,27,59,30.10,56.09,6.07,Mottaikaruppan
139,26,53,30.78,51.77,5.88,Mottaikaruppan
142,26,58,26.93,53.01,5.81,Mottaikaruppan
140,30,53,26.09,52.63,5.78,Mottaikaruppan
147,27,50,27.74,51.90,6.49,Mottaikaruppan
127,28,55,25.23,55.06,5.10,Mottaikaruppan
133,27,51,28.21,79.87,6.59,Mottaikaruppan
127,26,51,27.11,77.93,6.50,Mottaikaruppan
137,29,59,26.21,70.39,7.04,Mottaikaruppan
144,26,57,26.15,74.84,5.77,Mottaikaruppan
124,25,51,29.87,64.86,6.72,Mottaikaruppan
144,25,51,28.72,64.78,6.23,Mottaikaruppan
141,30,59,29.50,73.99,6.38,Mottaikaruppan
129,28,56,25.11,77.67,5.99,Mottaikaruppan
136,26,55,28.57,64.36,6.45,Mottaikaruppan
122,26,50,27.07,72.96,6.23,Mottaikaruppan
132,27,52,27.20,70.74,6.38,Mottaikaruppan
141,25,56,27.71,71.08,6.36,Mottaikaruppan
145,30,59,27.42,76.93,6.22,Mottaikaruppan
125,28,51,29.68,74.42,6.36,Mottaikaruppan
127,27,55,27.51,70.99,5.65,Mottaikaruppan
150,26,52,26.70,73.13,6.00,Mottaikaruppan
136,27,57,26.97,68.89,6.38,Mottaikaruppan
128,25,50,29.27,63.77,5.50,Mottaikaruppan
122,29,57,27.65,70.56,5.79,Mottaikaruppan
148,28,55,29.41,71.15,6.05,Mottaikaruppan
143,25,54,27.43,78.19,6.17,Mottaikaruppan
141,26,82,27.34,66.63,5.66,Mottaikaruppan
146,26,92,26.48,65.28,5.95,Mottaikaruppan
146,30,90,30.26,62.68,5.57,Mottaikaruppan
122,38,93,26.44,77.67,6.32,Mottaikaruppan
121,38,81,29.46,64.36,6.15,Mottaikaruppan
123,35,89,25.49,73.13,6.25,Mottaikaruppan
139,30,57,26.66,77.44,6.95,Mottaikaruppan
124,37,45,30.55,68.72,7.07,Mottaikaruppan
133,35,61,29.32,56.09,5.79,Mottaikaruppan
132,36,69,26.09,60.17,5.61,Mottaikaruppan
130,30,73,28.90,67.63,6.22,Mottaikaruppan
131,37,76,25.11,63.03,5.95,Mottaikaruppan
126,30,78,27.07,78.19,6.43,Mottaikaruppan
129,34,61,25.40,75.87,6.25,Mottaikaruppan
128,33,67,27.42,72.83,6.42,Mottaikaruppan
127,31,68,26.70,77.44,5.74,Mottaikaruppan
150,37,63,27.65,61.68,6.14,Mottaikaruppan
142,30,69,28.40,66.54,6.42,Mottaikaruppan
147,32,75,25.58,72.53,6.25,Mottaikaruppan
132,32,70,25.67,56.09,5.78,Mottaikaruppan
121,40,71,27.02,57.49,5.61,Mottaikaruppan
126,34,61,27.62,52.63,5.95,Mottaikaruppan
139,30,74,25.32,54.39,6.01,Mottaikaruppan
129,38,62,28.54,58.15,6.43,Mottaikaruppan
128,31,65,25.69,54.89,5.51,Mottaikaruppan
128,39,60,29.80,74.84,6.14,Mottaikaruppan
137,35,68,26.71,64.86,6.22,Mottaikaruppan
139,39,67,28.18,73.99,6.25,Mottaikaruppan
130,39,75,26.48,68.89,5.73,Mottaikaruppan
149,35,62,26.15,66.63,6.74,Mottaikaruppan
127,39,93,29.64,61.68,5.97,Mottaikaruppan
140,31,92,28.57,60.55,5.56,Mottaikaruppan
132,33,75,29.17,63.61,6.27,Mottaikaruppan
138,27,57,26.06,65.60,6.25,Mottaikaruppan
129,35,66,31.90,69.28,6.42,Mottaikaruppan
125,33,62,27.30,65.28,5.52,Mottaikaruppan
123,36,80,25.83,60.55,6.14,Mottaikaruppan
126,31,69,27.33,74.92,6.38,Mottaikaruppan
137,31,50,29.20,79.20,6.27,Mottaikaruppan
124,34,59,25.69,61.68,5.94,Mottaikaruppan
144,40,53,29.44,65.28,5.69,Mottaikaruppan
134,35,50,26.44,64.23,5.68,Mottaikaruppan
137,31,59,27.74,65.45,6.36,Mottaikaruppan
136,35,51,26.93,69.31,6.16,Mottaikaruppan
141,30,57,28.21,59.86,5.95,Mottaikaruppan
132,37,54,27.11,50.23,5.56,Mottaikaruppan
141,39,51,26.21,51.85,5.63,Mottaikaruppan
145,34,51,26.15,50.51,6.11,Mottaikaruppan
138,37,59,28.72,59.09,6.35,Mottaikaruppan
127,32,57,28.90,53.80,5.67,Mottaikaruppan
150,37,54,25.78,51.93,6.42,Mottaikaruppan
138,38,54,29.91,57.24,5.51,Mottaikaruppan
128,40,55,25.11,53.55,6.14,Mottaikaruppan
148,37,54,28.95,54.64,6.15,Mottaikaruppan
125,30,87,26.97,75.19,5.82,Mottaikaruppan
141,28,86,25.91,65.79,6.36,Mottaikaruppan
142,26,93,29.27,60.84,6.41,Mottaikaruppan
140,25,72,29.41,77.67,5.72,Mottaikaruppan
134,29,99,29.13,64.36,6.63,Mottaikaruppan
125,29,85,25.37,72.96,6.81,Mottaikaruppan
127,27,83,28.76,70.74,6.98,Mottaikaruppan
144,29,90,25.19,76.93,6.00,Mottaikaruppan
127,28,94,26.17,74.33,6.38,Mottaikaruppan
144,30,89,29.17,67.63,6.41,Mottaikaruppan
133,28,96,29.62,70.99,5.50,Mottaikaruppan
135,27,87,28.35,73.13,5.79,Mottaikaruppan
137,25,78,26.30,70.56,5.56,Mottaikaruppan
141,28,58,26.12,71.74,6.58,Mottaikaruppan
141,30,52,28.54,72.83,6.94,Mottaikaruppan
125,29,56,29.20,60.80,5.66,Mottaikaruppan
150,30,51,25.69,68.72,6.88,Mottaikaruppan
136,29,55,29.44,79.20,5.98,Mottaikaruppan
125,28,51,28.26,68.42,6.83,Mottaikaruppan
128,27,56,25.46,61.68,5.78,Mottaikaruppan
133,33,57,27.69,64.86,5.79,Mottaikaruppan
127,31,53,27.71,60.17,6.26,Mottaikaruppan
134,34,66,29.68,69.14,6.08,Mottaikaruppan
121,32,62,29.27,74.33,5.61,Mottaikaruppan
124,37,71,25.37,61.34,5.69,Mottaikaruppan
125,37,80,29.46,60.80,5.56,Mottaikaruppan
122,26,52,28.08,75.76,6.10,Mottaikaruppan
124,30,57,25.69,69.31,6.14,Mottaikaruppan
122,30,58,29.44,79.04,6.48,Mottaikaruppan
123,29,54,26.09,70.39,6.25,Mottaikaruppan
139,32,72,29.87,77.67,6.37,Mottaikaruppan
137,25,69,29.41,66.63,5.73,Mottaikaruppan
144,26,69,27.43,60.80,6.45,Mottaikaruppan
133,28,74,25.58,79.20,6.59,Mottaikaruppan
145,30,71,28.54,69.31,5.54,Mottaikaruppan
129,33,61,29.32,79.04,5.65,Mottaikaruppan
143,34,80,26.44,74.84,5.56,Mottaikaruppan
125,38,76,26.89,74.92,6.04,Mottaikaruppan
133,33,74,29.91,71.08,5.94,Mottaikaruppan
126,30,62,28.81,61.34,6.36,Mottaikaruppan
132,34,61,29.50,79.20,6.14,Mottaikaruppan
129,36,57,27.43,70.39,6.00,Mottaikaruppan
129,35,51,29.13,79.62,6.71,Mottaikaruppan
122,31,55,25.37,64.86,5.71,Mottaikaruppan
122,30,59,28.76,75.19,6.92,Mottaikaruppan
128,28,53,27.34,65.79,6.73,Mottaikaruppan
125,28,58,25.19,73.99,5.68,Mottaikaruppan
133,30,52,26.17,60.84,6.25,Mottaikaruppan
123,26,58,29.17,77.67,6.95,Mottaikaruppan
133,27,56,28.35,69.14,5.97,Mottaikaruppan
128,30,59,26.89,72.96,5.88,Mottaikaruppan
125,27,51,31.41,76.93,6.64,Mottaikaruppan
141,26,65,25.91,56.09,5.78,Mottaikaruppan
132,29,67,29.55,51.77,5.54,Mottaikaruppan
125,27,66,25.32,63.61,5.56,Mottaikaruppan
133,32,57,26.48,61.34,6.32,Mottaikaruppan
137,30,51,25.83,63.77,5.74,Mottaikaruppan
144,28,55,31.32,70.56,6.15,Mottaikaruppan
124,30,59,28.81,78.19,6.11,Mottaikaruppan
144,26,53,30.26,75.87,6.10,Mottaikaruppan
133,26,58,28.24,71.74,6.14,Mottaikaruppan
141,27,52,29.59,72.83,6.22,Mottaikaruppan
134,25,58,25.74,65.60,6.42,Mottaikaruppan
122,30,56,28.40,66.63,6.19,Mottaikaruppan
129,29,56,26.66,60.80,6.46,Mottaikaruppan
137,28,54,30.00,69.28,6.25,Mottaikaruppan
139,28,59,25.64,77.44,6.22,Mottaikaruppan
122,26,55,28.12,79.20,6.36,Mottaikaruppan
124,30,69,29.44,56.09,6.15,Mottaikaruppan
123,35,65,30.88,77.93,5.70,Mottaikaruppan
127,40,74,26.71,64.78,5.66,Mottaikaruppan
127,31,62,29.46,74.92,6.04,Mottaikaruppan
132,34,61,31.79,76.93,5.69,Mottaikaruppan
128,30,69,27.25,74.33,5.57,Mottaikaruppan
134,39,68,30.87,63.03,5.74,Mottaikaruppan
120,40,76,25.83,63.77,6.16,Mottaikaruppan
131,37,67,28.81,78.19,5.56,Mottaikaruppan
132,30,83,26.71,65.45,6.46,Mottaikaruppan
133,28,60,26.44,75.76,6.25,Mottaikaruppan
131,28,57,28.18,69.31,6.22,Mottaikaruppan
128,30,88,27.38,79.04,5.82,Mottaikaruppan
137,26,58,25.32,57.49,6.23,Mottaikaruppan
138,29,46,26.89,52.63,6.41,Mottaikaruppan
134,25,57,29.91,55.06,5.72,Mottaikaruppan
139,30,57,26.30,54.05,6.24,Mottaikaruppan
138,27,59,26.12,70.39,5.95,Mottaikaruppan
129,26,53,25.49,74.84,6.22,Mottaikaruppan
138,27,58,28.54,79.62,5.83,Mottaikaruppan
135,29,52,29.82,64.86,6.62,Mottaikaruppan
125,25,58,29.20,75.19,5.69,Mottaikaruppan
139,28,56,28.08,73.99,5.68,Mottaikaruppan
129,26,59,29.44,60.17,5.88,Mottaikaruppan
132,27,55,28.26,74.92,5.99,Mottaikaruppan
129,28,76,28.36,70.74,5.97,Mottaikaruppan
125,27,53,25.46,74.33,6.22,Mottaikaruppan
140,26,50,29.80,74.42,5.56,Mottaikaruppan
124,34,64,26.44,68.89,6.00,Mottaikaruppan
122,39,57,28.18,63.03,6.15,Mottaikaruppan
127,29,57,27.38,63.77,6.41,Mottaikaruppan
123,36,62,31.79,66.63,6.20,Mottaikaruppan
131,35,64,31.86,66.54,6.27,Mottaikaruppan
121,31,75,25.05,72.53,5.94,Mottaikaruppan
132,30,80,30.07,69.31,5.78,Mottaikaruppan
124,39,61,25.74,55.06,6.01,Mottaikaruppan
126,38,76,27.11,64.86,5.63,Mottaikaruppan
123,39,65,26.21,64.78,6.11,Mottaikaruppan
131,31,66,28.90,60.17,6.42,Mottaikaruppan
137,39,74,29.50,74.92,5.51,Mottaikaruppan
137,39,62,29.91,69.14,6.32,Mottaikaruppan
129,25,71,27.42,70.99,6.42,Mottaikaruppan
128,29,61,27.51,63.03,6.22,Mottaikaruppan
123,26,75,29.55,78.19,6.41,Mottaikaruppan
129,40,69,30.87,75.76,6.38,Mottaikaruppan
141,39,77,27.74,79.87,6.08,Mottaikaruppan
137,28,54,27.69,74.92,5.73,suwandel
141,29,54,25.40,63.61,5.97,suwandel
129,29,59,26.24,74.33,5.56,suwandel
134,25,51,29.13,71.74,6.00,suwandel
122,27,57,25.37,63.54,5.56,suwandel
127,28,83,31.86,64.23,5.94,suwandel
128,37,74,28.54,65.79,5.67,suwandel
124,30,86,27.94,60.84,5.85,suwandel
127,39,70,28.18,74.92,6.14,suwandel
140,32,99,26.89,63.61,6.11,suwandel
124,30,91,29.91,71.08,6.14,suwandel
127,36,94,29.53,67.63,6.19,suwandel
135,37,72,26.12,70.99,6.46,suwandel
138,35,72,26.61,71.74,6.14,suwandel
132,32,65,28.40,69.28,6.49,suwandel
132,34,68,30.00,70.90,5.99,suwandel
126,37,74,27.33,65.28,6.45,suwandel
137,39,71,27.02,70.98,6.38,suwandel
128,37,75,26.44,64.78,5.98,suwandel
133,37,78,27.74,77.67,5.95,suwandel
131,40,76,25.23,74.92,6.27,suwandel
128,30,65,26.93,69.14,6.36,suwandel
137,38,64,28.21,72.96,5.94,suwandel
138,39,70,27.11,63.61,5.69,suwandel
139,32,77,27.60,76.93,5.78,suwandel
124,32,64,29.87,74.33,5.68,suwandel
126,37,71,28.72,74.42,6.01,suwandel
135,36,62,29.64,61.34,5.94,suwandel
122,31,61,28.95,70.56,5.63,suwandel
134,40,69,27.20,71.74,6.35,suwandel
129,32,80,27.51,69.28,6.14,suwandel
125,35,61,25.91,79.20,5.52,suwandel
135,38,75,25.19,75.76,6.36,suwandel
123,39,66,26.17,69.31,6.23,suwandel
128,37,64,29.17,71.40,6.19,suwandel
136,37,68,29.62,71.82,5.72,suwandel
127,39,63,29.45,72.62,5.73,suwandel
125,39,62,29.91,70.14,5.77,suwandel
121,33,68,26.30,79.03,6.45,suwandel
124,39,68,26.12,71.32,6.36,suwandel
123,30,70,28.54,78.02,5.56,suwandel
135,37,64,29.20,76.73,5.65,suwandel
126,34,62,25.69,72.11,6.15,suwandel
124,38,78,25.46,74.50,6.05,suwandel
138,37,61,29.59,79.98,6.00,suwandel
127,36,61,26.66,78.36,6.20,suwandel
136,35,64,30.00,72.57,5.66,suwandel
139,35,75,28.12,77.07,5.98,suwandel
126,35,69,28.36,54.05,6.20,suwandel
137,37,64,26.89,59.86,6.22,suwandel
133,39,77,26.48,51.05,5.94,suwandel
135,37,64,28.81,58.49,5.95,suwandel
125,39,62,29.82,57.24,6.25,suwandel
129,40,62,26.57,52.24,6.35,suwandel
133,39,61,26.61,51.39,6.14,suwandel
124,39,69,28.26,58.32,5.74,suwandel
129,34,80,31.59,79.62,6.48,suwandel
134,37,73,31.70,65.79,6.46,suwandel
126,37,61,31.41,74.33,5.84,suwandel
132,34,76,26.30,70.99,5.88,suwandel
128,38,80,27.30,73.13,5.81,suwandel
123,38,63,30.87,61.34,6.45,suwandel
128,38,62,25.83,63.03,5.54,suwandel
134,37,60,27.74,71.15,5.59,suwandel
125,30,75,25.23,78.19,5.90,suwandel
126,36,61,29.71,71.74,6.19,suwandel
122,37,64,26.21,65.60,5.85,suwandel
128,30,82,28.72,77.44,5.99,suwandel
123,37,79,27.42,75.76,6.38,suwandel
127,39,90,26.24,69.31,6.15,suwandel
126,37,96,26.70,79.87,6.05,suwandel
127,31,61,25.37,60.84,5.98,suwandel
132,39,61,27.34,74.92,5.54,suwandel
128,39,67,29.62,70.74,6.36,suwandel
121,34,70,28.35,71.08,6.20,suwandel
126,29,66,27.20,76.93,5.94,suwandel
124,30,80,28.36,74.33,5.69,suwandel
126,37,61,27.94,67.63,6.36,suwandel
123,40,75,25.46,70.99,5.78,suwandel
131,38,69,26.44,63.77,5.74,suwandel
135,36,52,28.93,72.83,6.43,suwandel
123,37,68,26.89,60.80,5.67,suwandel
125,31,70,31.79,77.44,5.85,suwandel
131,32,71,28.81,62.68,6.42,suwandel
138,37,61,29.71,79.04,6.22,suwandel
134,34,66,22.20,79.87,6.36,suwandel
124,39,75,24.41,70.39,6.41,suwandel
126,37,67,22.58,74.84,6.19,suwandel
130,32,70,20.12,79.62,5.72,suwandel
135,39,61,25.74,65.79,5.73,suwandel
131,40,75,28.40,73.99,5.77,suwandel
122,37,69,30.00,60.17,6.23,suwandel
139,37,67,25.64,77.67,5.97,suwandel
134,39,78,28.75,64.36,6.22,suwandel
128,33,65,25.64,63.61,6.36,suwandel
130,35,74,28.66,70.74,5.54,suwandel
123,32,64,27.02,71.08,5.65,suwandel
140,37,66,26.71,73.13,5.79,suwandel
141,39,53,25.46,60.55,5.78,suwandel
129,32,58,26.09,62.68,6.22,suwandel
129,30,60,27.60,51.05,6.43,suwandel
125,39,56,29.87,58.49,6.25,suwandel
125,33,55,27.42,77.93,6.22,suwandel
139,29,91,29.55,73.99,6.23,suwandel
127,30,92,28.40,69.14,6.47,suwandel
133,29,91,25.58,63.61,5.65,suwandel
137,26,79,27.34,71.08,6.29,suwandel
141,28,90,27.20,68.89,6.05,suwandel
122,26,80,29.45,63.03,5.70,suwandel
129,28,81,29.91,63.77,6.00,suwandel
122,30,53,29.53,75.87,6.20,suwandel
132,28,52,25.49,63.54,5.51,suwandel
145,26,58,29.82,65.60,5.83,suwandel
138,27,54,27.02,69.28,6.08,suwandel
143,29,68,27.74,66.54,5.73,suwandel
124,28,70,28.21,62.68,5.97,suwandel
128,37,75,27.11,65.45,6.38,suwandel
121,34,64,27.60,79.04,5.56,suwandel
127,39,76,28.72,54.64,5.54,suwandel
121,38,75,25.78,79.87,6.00,suwandel
126,32,63,29.50,77.93,6.38,suwandel
140,32,62,29.91,70.39,6.15,suwandel
123,35,51,28.57,75.19,6.17,suwandel
127,36,55,27.07,65.79,5.70,suwandel
135,37,60,25.40,73.99,6.00,suwandel
123,35,59,27.20,60.84,5.56,suwandel
126,30,68,26.24,74.92,5.66,suwandel
125,33,62,26.70,63.61,6.27,suwandel
127,31,79,27.65,74.42,5.95,suwandel
128,35,80,27.43,70.99,6.36,suwandel
139,30,72,29.13,68.89,5.94,suwandel
132,39,61,25.58,63.03,5.57,suwandel
128,37,76,29.17,71.74,6.36,suwandel
123,38,67,28.35,72.83,6.16,suwandel
131,37,61,26.89,77.44,6.11,suwandel
139,31,75,29.45,68.72,6.43,suwandel
133,35,69,29.53,65.28,5.85,suwandel
135,32,78,26.12,73.82,5.51,suwandel
125,27,70,29.20,62.68,5.52,suwandel
133,37,57,25.23,79.62,5.82,suwandel
131,40,68,26.93,64.86,6.36,suwandel
134,38,70,27.60,60.17,5.69,suwandel
130,30,72,25.78,64.36,5.73,suwandel
131,37,61,27.69,76.93,5.53,suwandel
125,35,78,28.95,74.33,6.27,suwandel
144,28,65,25.37,68.72,5.69,suwandel
132,32,78,27.62,65.45,5.56,suwandel
125,36,78,25.76,59.86,6.00,suwandel
150,37,64,30.88,50.51,6.41,suwandel
128,37,69,30.51,75.19,6.08,suwandel
124,30,67,30.44,73.99,5.98,suwandel
121,38,65,31.90,69.14,5.61,suwandel
139,37,70,31.41,63.61,6.36,suwandel
123,35,60,25.83,70.99,5.68,suwandel
126,32,62,31.86,68.89,6.22,suwandel
124,34,61,27.74,70.56,5.94,suwandel
138,35,61,29.71,75.87,5.63,suwandel
128,35,65,27.60,66.63,5.67,suwandel
132,32,60,29.87,60.80,6.42,suwandel
126,37,63,25.11,61.68,5.52,suwandel
122,37,70,27.42,65.45,6.46,suwandel
139,31,66,29.68,69.31,6.22,suwandel
135,32,75,29.55,51.05,5.72,suwandel
125,37,57,28.40,74.84,5.80,suwandel
132,29,56,29.62,74.92,5.74,suwandel
129,29,51,31.90,63.61,6.42,suwandel
137,28,55,31.79,70.74,6.35,suwandel
126,26,76,27.30,70.99,5.97,suwandel
130,25,75,26.48,73.13,6.28,suwandel
126,26,69,28.21,71.74,6.23,suwandel
140,27,77,25.11,61.68,6.41,suwandel
125,28,80,27.43,77.93,6.27,suwandel
127,28,76,29.13,74.84,6.20,suwandel
128,30,70,25.19,65.79,5.78,suwandel
130,37,66,29.62,77.67,6.36,suwandel
125,30,70,27.20,69.14,6.16,suwandel
139,40,64,31.90,71.08,6.11,suwandel
140,38,80,31.41,74.42,6.35,suwandel
147,39,75,29.45,67.63,5.67,suwandel
132,29,51,25.67,68.42,6.41,suwandel
141,26,66,25.64,61.68,6.19,suwandel
125,28,62,27.62,66.54,6.04,suwandel
138,25,79,26.71,65.45,6.23,suwandel
143,27,71,25.32,78.61,5.57,suwandel
129,27,61,26.30,79.98,5.77,suwandel
128,37,66,28.81,79.36,6.23,suwandel
136,40,76,29.53,78.36,5.97,suwandel
124,30,75,26.12,72.57,6.38,suwandel
121,34,67,25.49,72.19,6.36,suwandel
140,32,75,28.08,76.13,6.00,suwandel
133,33,67,26.61,51.77,6.41,suwandel
123,36,69,28.26,53.01,5.50,suwandel
125,33,64,26.44,65.79,5.59,suwandel
139,36,60,27.38,60.17,5.78,suwandel
121,32,62,30.51,77.67,5.54,suwandel
136,32,62,30.44,69.14,5.61,suwandel
132,32,77,26.06,72.96,6.27,suwandel
139,30,61,25.32,63.61,6.36,suwandel
132,39,78,31.90,71.08,5.94,suwandel
121,39,65,31.41,74.42,6.36,suwandel
126,37,67,29.45,67.63,5.78,suwandel
124,32,64,29.91,70.99,5.68,suwandel
139,31,63,30.26,75.87,5.63,suwandel
137,39,70,23.65,71.74,6.11,suwandel
135,33,68,25.74,65.60,6.35,suwandel
122,39,70,25.64,77.44,5.51,suwandel
125,37,61,28.75,70.90,5.74,suwandel
124,36,76,28.66,65.28,6.11,suwandel
122,35,80,27.02,73.82,6.10,suwandel
125,27,60,29.45,51.90,6.19,suwandel
131,26,52,26.57,64.78,5.86,suwandel
128,25,50,25.46,69.14,5.73,suwandel
126,37,70,31.59,67.63,6.36,suwandel
128,40,74,26.71,70.99,5.54,suwandel
125,38,68,30.51,70.56,5.50,suwandel
126,32,70,30.44,78.19,6.05,suwandel
133,36,70,26.89,72.83,5.56,suwandel
123,35,72,31.90,65.60,6.26,suwandel
125,39,61,31.32,73.82,5.95,suwandel
128,39,69,27.74,79.87,5.74,suwandel
128,36,78,28.21,79.62,5.56,suwandel
122,37,68,28.72,60.84,5.67,suwandel
122,34,72,27.07,76.93,6.10,suwandel
125,25,72,27.71,67.63,6.22,suwandel
122,28,61,26.24,73.13,6.19,suwandel
124,25,78,29.68,68.89,6.46,suwandel
124,29,76,25.91,71.15,6.23,suwandel
132,37,67,29.27,75.87,6.19,suwandel
131,30,66,29.41,63.54,6.24,suwandel
129,38,71,28.40,65.60,6.24,suwandel
126,34,75,26.48,65.45,6.00,suwandel
132,33,67,31.32,79.04,6.41,suwandel
137,28,54,27.69,74.92,5.73,suwandel
141,29,54,25.40,63.61,5.97,suwandel
129,29,59,26.24,74.33,5.56,suwandel
134,25,51,29.13,71.74,6.00,suwandel
122,27,57,25.37,63.54,5.56,suwandel
127,28,83,31.86,64.23,5.94,suwandel
128,37,74,28.54,65.79,5.67,suwandel
124,30,86,27.94,60.84,5.85,suwandel
127,39,70,28.18,74.92,6.14,suwandel
140,32,99,26.89,63.61,6.11,suwandel
124,30,91,29.91,71.08,6.14,suwandel
127,36,94,29.53,67.63,6.19,suwandel
135,37,72,26.12,70.99,6.46,suwandel
138,35,72,26.61,71.74,6.14,suwandel
132,32,65,28.40,69.28,6.49,suwandel
132,34,68,30.00,70.90,5.99,suwandel
126,37,74,27.33,65.28,6.45,suwandel
137,39,71,27.02,70.98,6.38,suwandel
128,37,75,26.44,64.78,5.98,suwandel
133,37,78,27.74,77.67,5.95,suwandel
131,40,76,25.23,74.92,6.27,suwandel
128,30,65,26.93,69.14,6.36,suwandel
137,38,64,28.21,72.96,5.94,suwandel
138,39,70,27.11,63.61,5.69,suwandel
139,32,77,27.60,76.93,5.78,suwandel
124,32,64,29.87,74.33,5.68,suwandel
126,37,71,28.72,74.42,6.01,suwandel
135,36,62,29.64,61.34,5.94,suwandel
122,31,61,28.95,70.56,5.63,suwandel
134,40,69,27.20,71.74,6.35,suwandel
129,32,80,27.51,69.28,6.14,suwandel
125,35,61,25.91,79.20,5.52,suwandel
135,38,75,25.19,75.76,6.36,suwandel
123,39,66,26.17,69.31,6.23,suwandel
128,37,64,29.17,71.40,6.19,suwandel
136,37,68,29.62,71.82,5.72,suwandel
127,39,63,29.45,72.62,5.73,suwandel
125,39,62,29.91,70.14,5.77,suwandel
121,33,68,26.30,79.03,6.45,suwandel
124,39,68,26.12,71.32,6.36,suwandel
123,30,70,28.54,78.02,5.56,suwandel
135,37,64,29.20,76.73,5.65,suwandel
126,34,62,25.69,72.11,6.15,suwandel
124,38,78,25.46,74.50,6.05,suwandel
138,37,61,29.59,79.98,6.00,suwandel
127,36,61,26.66,78.36,6.20,suwandel
136,35,64,30.00,72.57,5.66,suwandel
139,35,75,28.12,77.07,5.98,suwandel
126,35,69,28.36,54.05,6.20,suwandel
137,37,64,26.89,59.86,6.22,suwandel
133,39,77,26.48,51.05,5.94,suwandel
135,37,64,28.81,58.49,5.95,suwandel
125,39,62,29.82,57.24,6.25,suwandel
129,40,62,26.57,52.24,6.35,suwandel
133,39,61,26.61,51.39,6.14,suwandel
124,39,69,28.26,58.32,5.74,suwandel
129,34,80,31.59,79.62,6.48,suwandel
134,37,73,31.70,65.79,6.46,suwandel
126,37,61,31.41,74.33,5.84,suwandel
132,34,76,26.30,70.99,5.88,suwandel
128,38,80,27.30,73.13,5.81,suwandel
123,38,63,30.87,61.34,6.45,suwandel
128,38,62,25.83,63.03,5.54,suwandel
134,37,60,27.74,71.15,5.59,suwandel
125,30,75,25.23,78.19,5.90,suwandel
126,36,61,29.71,71.74,6.19,suwandel
122,37,64,26.21,65.60,5.85,suwandel
128,30,82,28.72,77.44,5.99,suwandel
123,37,79,27.42,75.76,6.38,suwandel
127,39,90,26.24,69.31,6.15,suwandel
126,37,96,26.70,79.87,6.05,suwandel
127,31,61,25.37,60.84,5.98,suwandel
132,39,61,27.34,74.92,5.54,suwandel
128,39,67,29.62,70.74,6.36,suwandel
121,34,70,28.35,71.08,6.20,suwandel
126,29,66,27.20,76.93,5.94,suwandel
124,30,80,28.36,74.33,5.69,suwandel
126,37,61,27.94,67.63,6.36,suwandel
123,40,75,25.46,70.99,5.78,suwandel
131,38,69,26.44,63.77,5.74,suwandel
135,36,52,28.93,72.83,6.43,suwandel
123,37,68,26.89,60.80,5.67,suwandel
125,31,70,31.79,77.44,5.85,suwandel
131,32,71,28.81,62.68,6.42,suwandel
138,37,61,29.71,79.04,6.22,suwandel
134,34,66,22.20,79.87,6.36,suwandel
124,39,75,24.41,70.39,6.41,suwandel
126,37,67,22.58,74.84,6.19,suwandel
130,32,70,20.12,79.62,5.72,suwandel
135,39,61,25.74,65.79,5.73,suwandel
131,40,75,28.40,73.99,5.77,suwandel
122,37,69,30.00,60.17,6.23,suwandel
139,37,67,25.64,77.67,5.97,suwandel
134,39,78,28.75,64.36,6.22,suwandel
128,33,65,25.64,63.61,6.36,suwandel
130,35,74,28.66,70.74,5.54,suwandel
123,32,64,27.02,71.08,5.65,suwandel
140,37,66,26.71,73.13,5.79,suwandel
141,39,53,25.46,60.55,5.78,suwandel
129,32,58,26.09,62.68,6.22,suwandel
129,30,60,27.60,51.05,6.43,suwandel
125,39,56,29.87,58.49,6.25,suwandel
125,33,55,27.42,77.93,6.22,suwandel
139,29,91,29.55,73.99,6.23,suwandel
127,30,92,28.40,69.14,6.47,suwandel
133,29,91,25.58,63.61,5.65,suwandel
137,26,79,27.34,71.08,6.29,suwandel
141,28,90,27.20,68.89,6.05,suwandel
122,26,80,29.45,63.03,5.70,suwandel
129,28,81,29.91,63.77,6.00,suwandel
122,30,53,29.53,75.87,6.20,suwandel
132,28,52,25.49,63.54,5.51,suwandel
145,26,58,29.82,65.60,5.83,suwandel
138,27,54,27.02,69.28,6.08,suwandel
143,29,68,27.74,66.54,5.73,suwandel
124,28,70,28.21,62.68,5.97,suwandel
128,37,75,27.11,65.45,6.38,suwandel
121,34,64,27.60,79.04,5.56,suwandel
127,39,76,28.72,54.64,5.54,suwandel
121,38,75,25.78,79.87,6.00,suwandel
126,32,63,29.50,77.93,6.38,suwandel
140,32,62,29.91,70.39,6.15,suwandel
123,35,51,28.57,75.19,6.17,suwandel
127,36,55,27.07,65.79,5.70,suwandel
135,37,60,25.40,73.99,6.00,suwandel
123,35,59,27.20,60.84,5.56,suwandel
126,30,68,26.24,74.92,5.66,suwandel
125,33,62,26.70,63.61,6.27,suwandel
127,31,79,27.65,74.42,5.95,suwandel
128,35,80,27.43,70.99,6.36,suwandel
139,30,72,29.13,68.89,5.94,suwandel
132,39,61,25.58,63.03,5.57,suwandel
128,37,76,29.17,71.74,6.36,suwandel
123,38,67,28.35,72.83,6.16,suwandel
131,37,61,26.89,77.44,6.11,suwandel
139,31,75,29.45,68.72,6.43,suwandel
133,35,69,29.53,65.28,5.85,suwandel
135,32,78,26.12,73.82,5.51,suwandel
125,27,70,29.20,62.68,5.52,suwandel
133,37,57,25.23,79.62,5.82,suwandel
131,40,68,26.93,64.86,6.36,suwandel
134,38,70,27.60,60.17,5.69,suwandel
130,30,72,25.78,64.36,5.73,suwandel
131,37,61,27.69,76.93,5.53,suwandel
125,35,78,28.95,74.33,6.27,suwandel
144,28,65,25.37,68.72,5.69,suwandel
132,32,78,27.62,65.45,5.56,suwandel
125,36,78,25.76,59.86,6.00,suwandel
150,37,64,30.88,50.51,6.41,suwandel
128,37,69,30.51,75.19,6.08,suwandel
124,30,67,30.44,73.99,5.98,suwandel
121,38,65,31.90,69.14,5.61,suwandel
139,37,70,31.41,63.61,6.36,suwandel
123,35,60,25.83,70.99,5.68,suwandel
126,32,62,31.86,68.89,6.22,suwandel
124,34,61,27.74,70.56,5.94,suwandel
138,35,61,29.71,75.87,5.63,suwandel
128,35,65,27.60,66.63,5.67,suwandel
132,32,60,29.87,60.80,6.42,suwandel
126,37,63,25.11,61.68,5.52,suwandel
122,37,70,27.42,65.45,6.46,suwandel
139,31,66,29.68,69.31,6.22,suwandel
135,32,75,29.55,51.05,5.72,suwandel
125,37,57,28.40,74.84,5.80,suwandel
132,29,56,29.62,74.92,5.74,suwandel
129,29,51,31.90,63.61,6.42,suwandel
137,28,55,31.79,70.74,6.35,suwandel
126,26,76,27.30,70.99,5.97,suwandel
130,25,75,26.48,73.13,6.28,suwandel
126,26,69,28.21,71.74,6.23,suwandel
140,27,77,25.11,61.68,6.41,suwandel
125,28,80,27.43,77.93,6.27,suwandel
127,28,76,29.13,74.84,6.20,suwandel
128,30,70,25.19,65.79,5.78,suwandel
130,37,66,29.62,77.67,6.36,suwandel
125,30,70,27.20,69.14,6.16,suwandel
139,40,64,31.90,71.08,6.11,suwandel
140,38,80,31.41,74.42,6.35,suwandel
147,39,75,29.45,67.63,5.67,suwandel
132,29,51,25.67,68.42,6.41,suwandel
141,26,66,25.64,61.68,6.19,suwandel
125,28,62,27.62,66.54,6.04,suwandel
138,25,79,26.71,65.45,6.23,suwandel
143,27,71,25.32,78.61,5.57,suwandel
129,27,61,26.30,79.98,5.77,suwandel
128,37,66,28.81,79.36,6.23,suwandel
136,40,76,29.53,78.36,5.97,suwandel
124,30,75,26.12,72.57,6.38,suwandel
121,34,67,25.49,72.19,6.36,suwandel
140,32,75,28.08,76.13,6.00,suwandel
133,33,67,26.61,51.77,6.41,suwandel
123,36,69,28.26,53.01,5.50,suwandel
125,33,64,26.44,65.79,5.59,suwandel
139,36,60,27.38,60.17,5.78,suwandel
121,32,62,30.51,77.67,5.54,suwandel
136,32,62,30.44,69.14,5.61,suwandel
132,32,77,26.06,72.96,6.27,suwandel
139,30,61,25.32,63.61,6.36,suwandel
132,39,78,31.90,71.08,5.94,suwandel
121,39,65,31.41,74.42,6.36,suwandel
126,37,67,29.45,67.63,5.78,suwandel
124,32,64,29.91,70.99,5.68,suwandel
139,31,63,30.26,75.87,5.63,suwandel
137,39,70,23.65,71.74,6.11,suwandel
135,33,68,25.74,65.60,6.35,suwandel
122,39,70,25.64,77.44,5.51,suwandel
125,37,61,28.75,70.90,5.74,suwandel
124,36,76,28.66,65.28,6.11,suwandel
122,35,80,27.02,73.82,6.10,suwandel
125,27,60,29.45,51.90,6.19,suwandel
131,26,52,26.57,64.78,5.86,suwandel
128,25,50,25.46,69.14,5.73,suwandel
126,37,70,31.59,67.63,6.36,suwandel
128,40,74,26.71,70.99,5.54,suwandel
125,38,68,30.51,70.56,5.50,suwandel
126,32,70,30.44,78.19,6.05,suwandel
133,36,70,26.89,72.83,5.56,suwandel
123,35,72,31.90,65.60,6.26,suwandel
125,39,61,31.32,73.82,5.95,suwandel
128,39,69,27.74,79.87,5.74,suwandel
128,36,78,28.21,79.62,5.56,suwandel
122,37,68,28.72,60.84,5.67,suwandel
122,34,72,27.07,76.93,6.10,suwandel
125,25,72,27.71,67.63,6.22,suwandel
122,28,61,26.24,73.13,6.19,suwandel
124,25,78,29.68,68.89,6.46,suwandel
124,29,76,25.91,71.15,6.23,suwandel
132,37,67,29.27,75.87,6.19,suwandel
131,30,66,29.41,63.54,6.24,suwandel
129,38,71,28.40,65.60,6.24,suwandel
126,34,75,26.48,65.45,6.00,suwandel
132,33,67,31.32,79.04,6.41,suwandel
